add,value
安徽省安庆市大观区关岳庙街二监宿舍小区,8253.669922
安徽省安庆市怀宁县高河镇黄梅阁小区,6102.830078
安徽省安庆市怀宁县黄墩镇高楼村团结组,6241.330078
安徽省安庆市怀宁县凉亭乡双湖村庙兴组,6695
安徽省安庆市怀宁县凉亭乡双湖村珠林组,6695
安徽省安庆市怀宁县马庙镇鹿苑村双桂组,6605.25
安徽省安庆市怀宁县平山镇鸣凤村,8318.669922
安徽省安庆市怀宁县平山镇鸣凤村胜天组,8318.669922
安徽省安庆市怀宁县石牌镇广丰村新建组,8318.669922
安徽省安庆市怀宁县石牌镇广丰村中心组,7336.75
安徽省安庆市经开区景湖嘉苑小区,9073.830078
安徽省安庆市经开区菱北街道菱建小区,8837.419922
安徽省安庆市经开区菱北街道香樟里小区,9351.330078
安徽省安庆市潜山市梅城镇水岸江南B区,7670
安徽省安庆市潜山市源潭镇田墩新村,6358.419922
安徽省安庆市太湖县晋熙镇天高财富广场,8291.830078
安徽省安庆市太湖县小池镇中心村桥头组,7183.669922
安徽省安庆市太湖县新仓镇金鸡村蔡榜组,7234.080078
安徽省安庆市桐城市范岗镇棋盘岭村张老屋队,5186.75
安徽省安庆市桐城市龙眠街道碧桂园小区,5077.830078
安徽省安庆市桐城市龙眠街道黄燕村横排组,5670.580078
安徽省安庆市桐城市龙眠街道阅城国际小区,5578.25
安徽省安庆市桐城市双港镇潘赛村西瓜组,5275.169922
安徽省安庆市桐城市双港镇双港镇民畈村新民组,7566.419922
安徽省安庆市桐城市文昌街道公园社区粮食局宿舍,5185.169922
安徽省安庆市桐城市文昌街道石河村大隔组,5475.669922
安徽省安庆市桐城市新渡镇罗潭村罗潭组,5717.25
安徽省安庆市桐城市新渡镇双墩村合胜组,5395.830078
安徽省安庆市桐城市新渡镇永久村程西组,4975.75
安徽省安庆市望江县雷池乡沟口村先进组,7368.919922
安徽省安庆市望江县赛口镇兴龙村,8081.919922
安徽省安庆市望江县长岭镇后埠村同东屋,6992.419922
安徽省安庆市宿松县孚玉镇光明社区棉麻新居小区,6493.75
安徽省安庆市宿松县孚玉镇梨园新村小区,7116.169922
安徽省安庆市宿松县破凉镇雪镇村阳田组,8513
安徽省安庆市宿松县长铺镇马塘村余西组,8196.669922
安徽省安庆市宜秀区白泽湖乡大枫村大塘组,8067.75
安徽省安庆市宜秀区大龙山镇百华村何洼组,7204.330078
安徽省安庆市迎江区滨江街道碧桂园1号公园小区,8457.5
安徽省安庆市迎江区华中路街道御景国际小区,8741.919922
安徽省安庆市岳西县天堂镇城东社区小城宝邸小区,6773.330078
安徽省安庆市岳西县天堂镇阳光小区,7029.419922
安徽省蚌埠市蚌埠市高新区绿地世纪城社区伊顿公馆5栋,7183.419922
安徽省蚌埠市蚌埠市高新区文锦路社区方圆机电小区14栋,6850.169922
安徽省蚌埠市蚌埠市经开区胜利街道蓝天紫竹苑5栋,11192.09961
安徽省蚌埠市蚌埠市龙子湖区东升街道沁心苑小区3栋,8010.5
安徽省蚌埠市蚌埠市龙子湖区解放街道东方之星小区2栋,6437.25
安徽省蚌埠市蚌埠市龙子湖区解放街道淮秀园小区3栋,9204.5
安徽省蚌埠市蚌埠市禹会区钓鱼台街道车苑小区67栋,6551.330078
安徽省蚌埠市蚌埠市禹会区张公山街道丰原小区3栋,5901.919922
安徽省蚌埠市蚌山区昌南路万方新都会,7316.169922
安徽省蚌埠市蚌山区宏业村街道泷湖湾,8788.169922
安徽省蚌埠市蚌山区宏业村街道万达广场C区3号楼,7428.419922
安徽省蚌埠市蚌山区黄庄街道丰泽园小区4栋,7447.419922
安徽省蚌埠市蚌山区黄庄街道米亚花园,7995.919922
安徽省蚌埠市蚌山区黄庄街道水游城B区7栋,8395.169922
安徽省蚌埠市蚌山区黄庄街道新天地小区,6481.5
安徽省蚌埠市蚌山区青年街道大舞台小区1栋,5883.080078
安徽省蚌埠市蚌山区青年街道华利街9栋,6099.75
安徽省蚌埠市蚌山区青年街道同乐园小区8号楼,6518.830078
安徽省蚌埠市蚌山区青年街道中平街62栋,6218.330078
安徽省蚌埠市蚌山区纬二街道太平街296号,6171.580078
安徽省蚌埠市蚌山区纬二路街道阳光水岸,5974.919922
安徽省蚌埠市蚌山区燕山乡陶山家园北苑,6746.080078
安徽省蚌埠市高新区科苑社区嘉和豪庭1栋,6762.5
安徽省蚌埠市高新区绿地世纪城社区西绿地津桥公馆,7183.419922
安徽省蚌埠市高新区文锦路社区山水华庭小区32栋,7038.419922
安徽省蚌埠市固镇县新马桥镇高光村沟北组,6276.080078
安徽省蚌埠市怀远县荆山镇东方红小区B5号楼,5983.75
安徽省蚌埠市怀远县荆山镇健康小区5栋,6563.580078
安徽省蚌埠市淮上区淮滨街道上河时代北区,6749.830078
安徽省蚌埠市淮上区梅桥镇淝南村,5652.080078
安徽省蚌埠市淮上区吴小街镇通城紫都10栋,6737.919922
安徽省蚌埠市淮上区小蚌埠镇荷花园小区一期A5号楼,5733.419922
安徽省蚌埠市淮上区小蚌埠镇外滩花园20栋,6804.419922
安徽省蚌埠市经开区湖滨社区恒大御景湾,10533.09961
安徽省蚌埠市经开区湖滨社区湖畔花都,7324.830078
安徽省蚌埠市经开区湖滨社区兰庭书苑1栋,7170.919922
安徽省蚌埠市经开区湖滨社区天湖国际C区4栋,10051.09961
安徽省蚌埠市经开区淮河社区阿卡碧水湾小区,8761.419922
安徽省蚌埠市经开区淮河社区阿卡阳光苑6栋,8634.75
安徽省蚌埠市经开区淮河社区沁雅凯旋城19栋,8262.919922
安徽省蚌埠市经开区淮河社区香堤荣府,10481.59961
安徽省蚌埠市经开区淮河社区新新尚层,11023.7002
安徽省蚌埠市经开区龙湖街道迎宾山庄C区,7764.419922
安徽省蚌埠市经开区胜利街道百合公馆,10205.2002
安徽省蚌埠市经开区胜利街道财富广场南区2栋,10871.7998
安徽省蚌埠市经开区胜利街道大塘名门,9087.25
安徽省蚌埠市经开区胜利街道东航校小区25栋,9851.419922
安徽省蚌埠市经开区胜利街道华景家园,6509.25
安徽省蚌埠市经开区胜利街道金融小区,11164.2998
安徽省蚌埠市经开区胜利街道南苑小区,7113
安徽省蚌埠市经开区胜利街道万象幸福里,6680.080078
安徽省蚌埠市经开区长淮卫镇卫东村,6739.419922
安徽省蚌埠市龙子湖区东风街道0552大浴场,8773.25
安徽省蚌埠市龙子湖区东升街道东方新天地小区18栋,7373
安徽省蚌埠市龙子湖区东升街道凤阳东路480号东单元,8679.5
安徽省蚌埠市龙子湖区东升街道华阳淮畔小区7栋,6128.25
安徽省蚌埠市龙子湖区东升街道交通路186号,6699.169922
安徽省蚌埠市龙子湖区东升街道长淮路淮建一村10栋,6524.75
安徽省蚌埠市龙子湖区解放街道城市之光,7162.330078
安徽省蚌埠市龙子湖区解放街道东方明珠,7770.919922
安徽省蚌埠市龙子湖区解放街道广厦小区2栋,6522.169922
安徽省蚌埠市龙子湖区解放街道解放二路118号农行宿舍,6011.419922
安徽省蚌埠市龙子湖区解放街道金润名都,7187.669922
安徽省蚌埠市龙子湖区解放街道农资小区,4893.5
安徽省蚌埠市龙子湖区延安街道金珠苑小区2栋,8255.669922
安徽省蚌埠市龙子湖区延安街道隆华小区2栋,9920.419922
安徽省蚌埠市龙子湖区延安街道延安一村,7221.830078
安徽省蚌埠市龙子湖区延安街道中铁都市家园,10539.7002
安徽省蚌埠市龙子湖区治淮街道东苑小区,9184.419922
安徽省蚌埠市龙子湖区治淮街道淮河路854号,10368.7002
安徽省蚌埠市龙子湖区治淮街道延安三区,7539.080078
安徽省蚌埠市龙子湖区治淮街道长淮路270号水科新楼,6308.5
安徽省蚌埠市五河县城关镇城中嘉园,5302.169922
安徽省蚌埠市五河县新集镇回龙路,5583.330078
安徽省蚌埠市禹会区朝阳街道怡康新都1栋,7672.830078
安徽省蚌埠市禹会区钓鱼台街道冠宜大厦,6627.419922
安徽省蚌埠市禹会区钓鱼台街道锦绣香堤B区13栋,7955
安徽省蚌埠市禹会区钓鱼台街道喜迎门小区三期,6412.169922
安徽省蚌埠市禹会区钓鱼台街道喜盈门二期,6412.169922
安徽省蚌埠市禹会区马城镇胡圩村,5682.5
安徽省蚌埠市禹会区纬四街道淮畔人家,6206.669922
安徽省蚌埠市禹会区纬四街道金伟熙城官邸,6740.919922
安徽省蚌埠市禹会区纬四街道胜利公寓2栋,6932.830078
安徽省蚌埠市禹会区纬四街道天地人花园,6762.830078
安徽省蚌埠市禹会区纬四街道新船塘小区3栋,6581.580078
安徽省蚌埠市禹会区张公山街道张公山4村419栋,6035.169922
安徽省蚌埠市禹会区张公山街道张公山北门制钉厂,6357.25
安徽省蚌埠市禹会区张公山街道张公山二村对面郊区机关宿舍楼,5589.169922
安徽省蚌埠市禹会区张公山街道张公山六村613栋,6078.25
安徽省蚌埠市禹会区张公山街道张公山七村,6476.75
安徽省蚌埠市禹会区张公山派出所旁,5389.830078
安徽省蚌埠市禹会区长青乡涂山风景区上洪村,5969.080078
安徽省亳州市高新区翡翠庄园,6589.470215
安徽省亳州市高新区豪泽丽景小区,6832.859863
安徽省亳州市高新区建投世纪城,6910.180176
安徽省亳州市利辛县城关镇春店社区春店3队,7459.350098
安徽省亳州市利辛县城关镇春店社区胜利村,6584.060059
安徽省亳州市利辛县城关镇房产局家属院,7423.819824
安徽省亳州市利辛县城关镇港口新村老供销社家属院,7273.290039
安徽省亳州市利辛县城关镇黄桥社区,7417.660156
安徽省亳州市利辛县城关镇建设路南段金宝贝幼儿园附近,6959.709961
安徽省亳州市利辛县城关镇金龙国际新城,6313.600098
安徽省亳州市利辛县城关镇前进路英伦华帝小区,6966.950195
安徽省亳州市利辛县城关镇前进社区立新巷,7401.660156
安徽省亳州市利辛县城关镇顺河村姚庄,6679.930176
安徽省亳州市利辛县城关镇文物所家属院,7908.779785
安徽省亳州市利辛县城关镇五一路,7823.490234
安徽省亳州市利辛县城关镇闫郢村董老寨,5730.720215
安徽省亳州市利辛县纪王场乡纪竹园庄,6319.919922
安徽省亳州市利辛县老二中对面黄寨社区,5024.729981
安徽省亳州市利辛县潘楼镇张大庄村张大庄,6898.430176
安徽省亳州市利辛县王市镇刘沈村刘寨,7087.009766
安徽省亳州市利辛县西潘楼镇东潘楼村,6868.580078
安徽省亳州市蒙城县城关街道金天地商业街,5584.350098
安徽省亳州市蒙城县许疃镇赵集村东孙庄,5467.410156
安徽省亳州市蒙城县庄周街道玖隆国际C区,7157.25
安徽省亳州市谯城区薛阁办事处白依路包园新村,6054.799805
安徽省亳州市谯城区薛阁街道上善名郡上园,6568.700195
安徽省亳州市谯城区颜集镇曹寺行政村东张庄,5273.600098
安徽省亳州市谯城区亿丰御景小区,7106.350098
安徽省亳州市谯城区御花园小区,7510.569824
安徽省亳州市涡阳县城关街道巨人印象小区,6768.220215
安徽省亳州市涡阳县城关街道紫光大道与育英路交口向南,6124.459961
安徽省亳州市涡阳县城关镇街道北环中路,4442.620117
安徽省亳州市涡阳县城关镇街道医苑新村,6518.450195
安徽省亳州市涡阳县城关镇乐行家园,6030
安徽省亳州市涡阳县花沟镇狄马村,5468.27002
安徽省亳州市涡阳县花沟镇孙小桥行政村李楼,5463.640137
安徽省亳州市涡阳县马店集镇李庄行政村李庄,3896.590088
安徽省亳州市涡阳县新汽车站对面路北小区幸福港湾,6310.189941
安徽省亳州市涡阳县新兴镇付庄行政村,3877.469971
安徽省亳州市涡阳县新兴镇付庄行政村付庄,3504.100098
安徽省亳州市涡阳县新兴镇左楼村,4194.609863
安徽省亳州市涡阳县新兴镇左楼行政村大围子自然村,4194.609863
安徽省亳州市涡阳县星园街道桂语城栖,4745.379883
安徽省阜阳市阜南县柴集镇,8437.610352
安徽省阜阳市阜南县柴集镇柴集村,8609.519531
安徽省阜阳市阜南县柴集镇后湖村,9564.599609
安徽省阜阳市阜南县经开区中央豪景小区,6865.419922
安徽省阜阳市阜南县鹿城镇,5411.75
安徽省阜阳市阜南县王店乡,8347.839844
安徽省阜阳市阜南县王店孜高寨村,8347.839844
安徽省阜阳市阜南县王店孜乡,8347.839844
安徽省阜阳市阜南县王店孜乡高庄村,8458
安徽省阜阳市阜南县王店孜乡刘郢村,8414.320313
安徽省阜阳市阜南县王店孜乡王寨村,8349.719727
安徽省阜阳市阜南县王店孜乡五岳村,8347.839844
安徽省阜阳市阜南县王店孜乡周集村,6675.279785
安徽省阜阳市阜南县新村镇,8347.839844
安徽省阜阳市阜南县新村镇白营村,5253.089844
安徽省阜阳市阜南县新村镇梁寨村,8785.179688
安徽省阜阳市阜南县新村镇鑫东村,8347.839844
安徽省阜阳市阜南县新村镇杨湾村,8414.320313
安徽省阜阳市阜南县新村镇张楼村,8347.839844
安徽省阜阳市阜南县赵集镇,6711.609863
安徽省阜阳市阜南县赵集镇刘大郢,6369.410156
安徽省阜阳市阜南县赵集镇刘集村,6652.859863
安徽省阜阳市阜南县朱寨镇,6426.779785
安徽省阜阳市阜南县朱寨镇闵庄村,6433.680176
安徽省阜阳市阜阳经济技术开发区依心明园,7538.709961
安徽省阜阳市经济技术开发区十八里铺社区汽配城,7514.859863
安徽省阜阳市临泉县白庙镇油坊村,5121.990234
安徽省阜阳市临泉县城东街道港口路天祥小区西,6201.390137
安徽省阜阳市临泉县城东街道姜子牙广场北,5297.089844
安徽省阜阳市临泉县城东街道老百货公司家属院,5680.649902
安徽省阜阳市临泉县城东街道文王社区,6595.859863
安徽省阜阳市临泉县城东街道张寨行政村,4791.549805
安徽省阜阳市临泉县城关街道银泉社区,6377.27002
安徽省阜阳市临泉县城关镇,6594.850098
安徽省阜阳市临泉县城南街道名邦国际花都小区,4932.049805
安徽省阜阳市临泉县城南街道新城居委会,6972.089844
安徽省阜阳市临泉县城南街道新城社区,6850.77002
安徽省阜阳市临泉县城南街道紫薇苑小区,6972.089844
安徽省阜阳市临泉县城南新区,7353.080078
安徽省阜阳市临泉县高塘镇,6878.479981
安徽省阜阳市临泉县高塘镇牛刘行政村,7396.609863
安徽省阜阳市临泉县滑集镇,6647.479981
安徽省阜阳市临泉县滑集镇滑集村,6647.479981
安徽省阜阳市临泉县滑集镇朱集行政村,6097.279785
安徽省阜阳市临泉县宋集镇,7275.830078
安徽省阜阳市临泉县宋集镇杨蒲行政村,7275.830078
安徽省阜阳市临泉县宋集镇杨小街蒲庄大队,7275.830078
安徽省阜阳市临泉县土陂乡陈胡行政村,6675.279785
安徽省阜阳市临泉县土陂乡运河行政村,6801.410156
安徽省阜阳市临泉县土坡乡,6801.410156
安徽省阜阳市临泉县长官镇大田行政村,7500.379883
安徽省阜阳市太和县城关镇锦都花园,6053.569824
安徽省阜阳市太和县城关镇太和世家,5207.919922
安徽省阜阳市太和县税镇镇税南居委会,7192.870117
安徽省阜阳市太和县税镇镇孙楼行政村,7179.740234
安徽省阜阳市颍东区东平社区和谐佳苑小区,8183.319824
安徽省阜阳市颍东区河东街道京九新村,8226.540039
安徽省阜阳市颍东区向阳街道办事处,8863.370117
安徽省阜阳市颍东区新华街道办事处新华街道,6511.709961
安徽省阜阳市颍东区袁寨镇,6136.859863
安徽省阜阳市颍东区袁寨镇袁寨居委会,6372.379883
安徽省阜阳市颍东区正午镇,6189.819824
安徽省阜阳市颍东区正午镇横山村,6318.120117
安徽省阜阳市颍东区正午镇田楼村,6424.140137
安徽省阜阳市颍东区正午镇张庙村,6055.560059
安徽省阜阳市颍泉区北京中路,9235.30957
安徽省阜阳市颍泉区行流镇,5960.5
安徽省阜阳市颍泉区行流镇杨桥村,5141.410156
安徽省阜阳市颍泉区泉颍办事处祥和居小区,7403.279785
安徽省阜阳市颍泉区中市街道办事处,7767.410156
安徽省阜阳市颍泉区中市街道办事处海亮上府小区,9187.040039
安徽省阜阳市颍泉区中市街道办事处四中家属院,5388.109863
安徽省阜阳市颍泉区中市街道办事处中泰名城小区,9851.94043
安徽省阜阳市颍泉区周棚办事处,6915.5
安徽省阜阳市颍泉区周棚街道办事处,6915.5
安徽省阜阳市颍泉区周棚街道办事处周棚居委会,6915.5
安徽省阜阳市颍上县古城镇余联村李圩队,7276.040039
安徽省阜阳市颍上县建颍乡,7063.27002
安徽省阜阳市颍上县建颍乡吴东村,7082.450195
安徽省阜阳市颍上县江口镇王李村,7008.850098
安徽省阜阳市颍上县慎城镇,6726.540039
安徽省阜阳市颍上县慎城镇滨河大道一库安置区,6214.870117
安徽省阜阳市颍上县新集镇,7095.089844
安徽省阜阳市颍上县新集镇六联苏庄队,7095.089844
安徽省阜阳市颍州区鼓楼街道办事处白衣桥社区临泉路老师范学院院内,9269.580078
安徽省阜阳市颍州区鼓楼街道办事处双龙桥社区汇鑫小区,8598.629883
安徽省阜阳市颍州区马寨乡,8358.69043
安徽省阜阳市颍州区马寨乡马寨居委会,8358.69043
安徽省阜阳市颍州区清河街道办事处,10286.2998
安徽省阜阳市颍州区清河街道办事处九里社区锦华第一郡小区,10689.5
安徽省阜阳市颍州区清河街道办事处九里社区九鼎华苑小区,10176.40039
安徽省阜阳市颍州区三合镇,9897.650391
安徽省阜阳市颍州区三合镇新宅村,10308.5
安徽省阜阳市颍州区三十里铺镇佐庄村,6145.740234
安徽省阜阳市颍州区三塔集镇张寨村,9162.419922
安徽省阜阳市颍州区文峰办事处,8809
安徽省阜阳市颍州区文峰街道办事处奎星社区博物馆巷,8809
安徽省阜阳市颍州区文峰街道办事处三里岗社区碧桂园,8796.299805
安徽省阜阳市颍州区文峰街道办事处万达社区万达华府,10660.59961
安徽省阜阳市颍州区颍西街道办事处,10644.90039
安徽省阜阳市颍州区颍西街道办事处城郊社区徽州家园小区,11430.09961
安徽省阜阳市颍州区颍西街道办事处单桥社区,9599.990234
安徽省阜阳市颍州区颍西街道办事处西湖社区西城御景小区,11113.59961
安徽省阜阳市颍州区颍西镇,9932.519531
安徽省阜阳市中市街道办事处城关镇,5269.609863
安徽省合肥市包河区宝利丰广场,14874.5
安徽省合肥市包河区滨湖明珠西区,23462.90039
安徽省合肥市包河区风和园,16170.5
安徽省合肥市包河区豪门金地小区,18621.80078
安徽省合肥市包河区金湾嘉园,15170.40039
安徽省合肥市包河区前进巷9号兴丰苑小区,15126.7002
安徽省合肥市包河区琼林苑小区,19777.40039
安徽省合肥市包河区曙宏南苑,14640.09961
安徽省合肥市包河区万振逍遥苑,13830.7998
安徽省合肥市肥东县陈大郢社区紫玉华府,9992.780273
安徽省合肥市肥东县店埠镇定光社区传桥组,9318.709961
安徽省合肥市肥东县店埠镇定光社区新农村小区,9391.160156
安徽省合肥市肥东县店埠镇光大居委会光大新村,11471.2998
安徽省合肥市肥东县店埠镇和平社区汇景新城,11146
安徽省合肥市肥东县店埠镇凯旋公馆,11570
安徽省合肥市肥东县店埠镇青春社区育红小学宿舍楼,9357.209961
安徽省合肥市肥东县店埠镇新城社区新城家园,11330.7002
安徽省合肥市肥东县店埠镇沿河东路原卫生局宿舍康居苑小区,9480.339844
安徽省合肥市肥东县店埠镇沿河东路原卫生局宿舍康居苑小区,15967.40039
安徽省合肥市肥东县店埠镇镇南社区,9661.160156
安徽省合肥市肥东县石塘镇供销社宿舍,19627.5
安徽省合肥市肥东县星光嘉苑,9898.120117
安徽省合肥市肥西县上派镇韩圩村,10806.7998
安徽省合肥市肥西县上派镇华邦万派城,10779.2002
安徽省合肥市肥西县上派镇名邦中央公馆,11753.59961
安徽省合肥市肥西县桃花镇东冠繁华逸城,13237.7998
安徽省合肥市肥西县桃花镇信地华地城,12481.59961
安徽省合肥市高新区岭湖墅,14704.5
安徽省合肥市庐阳区柏景湾青云轩,17248.40039
安徽省合肥市庐阳区肥西北路四泉花园南区,14307.09961
安徽省合肥市庐阳区公园西村,22252.09961
安徽省合肥市庐阳区古城新村,14287.5
安徽省合肥市庐阳区海亮红玺台小区,16892.19922
安徽省合肥市庐阳区海棠别院,16618.59961
安徽省合肥市庐阳区探矿厂宿舍,13852.90039
安徽省合肥市庐阳区土产日杂公司宿舍,24783.40039
安徽省合肥市庐阳区杏林花园南区,13512.2998
安徽省合肥市蜀山区安徽电力公司黄山路生活区,14923.09961
安徽省合肥市蜀山区当代花园,22923.59961
安徽省合肥市蜀山区和谐家园（长丰南路）,13707.7002
安徽省合肥市蜀山区龙居山庄天龙居,16521.40039
安徽省合肥市蜀山区内森庄园,23000.69922
安徽省合肥市蜀山区潜山北路家家景园3期,18409.59961
安徽省合肥市蜀山区天和园,20301.5
安徽省合肥市蜀山区通和易居北苑,19637.19922
安徽省合肥市蜀山区颐和阳光100小区,19264.30078
安徽省合肥市蜀山区颐园世家,18844
安徽省合肥市蜀山区岳西新村B区,19865.69922
安徽省合肥市蜀山区中铁青秀城,16150
安徽省合肥市蜀山区中央美域A区,15286
安徽省合肥市新站区昊天园小区,12242.2002
安徽省合肥市新站区合郢花园,11961.2998
安徽省合肥市新站区家天下3期,11103.2998
安徽省合肥市新站区金辉悦府小区,11937.59961
安徽省合肥市新站区京商商贸城,11845.59961
安徽省合肥市新站区新海尚宸家园,13131.2998
安徽省合肥市新站区瑶海佳苑（兴华苑三期）,11107.40039
安徽省合肥市新站区园上园公寓楼,12192.90039
安徽省合肥市新站区张洼新村,12181.59961
安徽省合肥市瑶海区大兴镇合浦新村（恢复楼）,12047.90039
安徽省合肥市瑶海区芳邻家园,13428.2998
安徽省合肥市瑶海区凤翔家园,12245.7002
安徽省合肥市瑶海区国安家园,12146.09961
安徽省合肥市瑶海区海洲景秀世家2期,11305.59961
安徽省合肥市瑶海区恒大中央广场,16485.19922
安徽省合肥市瑶海区恒丰嘉园,14470.2002
安徽省合肥市瑶海区红星家园,11575.2002
安徽省合肥市瑶海区华都城市花园,11014.09961
安徽省合肥市瑶海区临泉花苑小区,12279.09961
安徽省合肥市瑶海区罗马花园西区,13228.90039
安徽省合肥市瑶海区马岗社区龙岗管委会宿舍楼,11103.59961
安徽省合肥市瑶海区斯瑞新景苑,11125.2002
安徽省合肥市瑶海区铜陵路工业锅炉厂宿舍,14851.09961
安徽省合肥市瑶海区温莎国际广场,14874.5
安徽省合肥市瑶海区香江世纪名城,11692.09961
安徽省合肥市瑶海区新创益民家园,11753.7002
安徽省合肥市瑶海区怡馨苑,13206
安徽省合肥市瑶海区元一名城,12168.2998
安徽省合肥市瑶海区长江东路五里井17栋,11208.90039
安徽省合肥市长丰县阿奎利亚城品,11842.40039
安徽省合肥市长丰县北城明珠小区,11185.5
安徽省合肥市长丰县北城世纪城一期颐徽苑,10414
安徽省合肥市长丰县岗集镇玉成明珠苑,9579.530273
安徽省合肥市长丰县下塘镇顾圩村,9533.769531
安徽省六安市霍邱县城关镇玉泉社区惠民小区,5679.919922
安徽省六安市霍邱县龙潭镇,5530.580078
安徽省六安市霍邱县龙潭镇龙王庙村南楼组,5095.169922
安徽省六安市霍邱县宋店乡留城寺村老庄组,5573.330078
安徽省六安市霍山县儿街镇儿街社区,5869
安徽省六安市霍山县儿街镇山王河村,5669.330078
安徽省六安市霍山县佛子岭镇,5834.830078
安徽省六安市霍山县佛子岭镇通水灌村,5791.419922
安徽省六安市霍山县黑石渡镇新店河村,5834.830078
安徽省六安市霍山县衡山镇和顺花园D区,5791.419922
安徽省六安市霍山县衡山镇荷香社区,5791.419922
安徽省六安市霍山县衡山镇衡山社区,5791.419922
安徽省六安市霍山县衡山镇南潭社区,5791.419922
安徽省六安市霍山县衡山镇南岳村,5834.830078
安徽省六安市霍山县衡山镇文峰社区,5791.419922
安徽省六安市霍山县衡山镇西大街社区,5791.419922
安徽省六安市霍山县经济开发区,5791.419922
安徽省六安市霍山县与儿街镇,5869
安徽省六安市霍山县与儿街镇儿街社区,5869
安徽省六安市霍山县与儿街镇山王河村,5669.330078
安徽省六安市金安区椿树镇,5070.669922
安徽省六安市金安区椿树镇龙穴村张大郢组,5070.669922
安徽省六安市金安区清水河街道刘园社区海心沙小区,7934.669922
安徽省六安市金安区孙岗镇五十铺村士坤组,6082.75
安徽省六安市金安区中市街道前进社区浙东商贸城D区,7436.75
安徽省六安市金寨县梅山镇明逸城小区,5367.5
安徽省六安市金寨县梅山镇香港花园小区,5367.5
安徽省六安市裕安区帝都豪园13栋,7255.419922
安徽省六安市裕安区独山镇茶叶市场,5835.830078
安徽省六安市裕安区华邦新华城,7828.419922
安徽省六安市裕安区凯旋名门3号楼,7666.5
安徽省六安市裕安区青山乡八字岗村汪冲组,6130.919922
安徽省六安市裕安区狮子岗黄大路村,6178.669922
安徽省六安市裕安区苏埠镇祝张路黄莲村岗桥组,6100.75
安徽省六安市裕安区西河口镇马林村,5169.330078
安徽省六安市裕安区西市街道帝都豪园小区,7444.669922
福建省泉州市安溪县安溪清水岩,7903.5
福建省泉州市安溪县城厢镇仙苑村,7813.75
福建省泉州市安溪县湖上乡雪山村中洋街,6826
福建省泉州市丰泽区东海街道海景国际星域,15220.09961
福建省泉州市丰泽区好医联医疗耳鼻喉科,14341.40039
福建省泉州市惠安县山霞镇东坑村青山街,6374.919922
福建省泉州市惠安县山霞镇田边村,6003.330078
福建省泉州市惠安县涂寨镇庄内村,5768.419922
福建省泉州市晋江市陈埭镇花厅口村,5702.419922
福建省泉州市晋江市磁灶镇张林村,6322.419922
福建省泉州市晋江市东石镇山兜村,6684.75
福建省泉州市晋江市金井镇万佳东方酒店,6578.330078
福建省泉州市晋江市金井镇万佳国际酒店,6578.330078
福建省泉州市晋江市梅岭街道泉安中路速8酒店,8528
福建省泉州市晋江市梅岭街道竹树下社区速8酒店,8528
福建省泉州市晋江市新塘街道沙塘社区,8444.169922
福建省泉州市晋江市新塘街道杏坂社区,7058.25
福建省泉州市晋江市英林镇嘉排村,6487.419922
福建省泉州市晋江市英林镇晋南商贸中心,6300.830078
福建省泉州市晋江市英林镇西埔村,6528.330078
福建省泉州市晋江市英林镇英林村,6528.330078
福建省泉州市晋江市英林镇英林村晋南小区,6300.830078
福建省泉州市鲤城区浮桥街道珑景湾小区,8658.080078
福建省泉州市洛江区马甲镇潘内村顶道坝,8538.169922
福建省泉州市南安市官桥镇恒美村,8577.5
福建省泉州市南安市官桥镇金庄街永生堂诊所,8577.5
福建省泉州市南安市官桥镇内厝村,7957.919922
福建省泉州市南安市官桥镇下洋村后林埔,7715.75
福建省泉州市南安市官桥镇周厝村,8577.5
福建省泉州市南安市仑苍镇湖西新村,8173.580078
福建省泉州市南安市仑苍镇联盟村,11799.59961
福建省泉州市南安市仑苍镇园美村,8173.580078
福建省泉州市南安市码头镇大庭村,6238.669922
福建省泉州市南安市美林街道西美村,7608.330078
福建省泉州市南安市美林街道溪口村,10798.7998
福建省泉州市南安市南安市行政服务中心,7142.580078
福建省泉州市南安市水头菜市场桥西街,7640.25
福建省泉州市南安市水头镇劳光村,7517.330078
福建省泉州市南安市水头镇仁福村,7517.330078
福建省泉州市南安市西美村美林街道,7608.330078
福建省泉州市南安市溪口村美林街道,10798.7998
福建省泉州市南安市溪口村卫生室,11267.2002
福建省泉州市南安市英都镇良山村,8419.75
福建省泉州市南安市中国工商银行南安柳城分行,7743
福建省泉州市石狮市宝盖镇后村,7890.25
福建省泉州市石狮市蚶江镇山前东区,9902.169922
福建省泉州市永春县东关镇外碧村,7375.580078
福建省泉州市永春县东平镇太平村,7106.830078
福建省泉州市永春县湖洋镇龙山村,7933.080078
福建省泉州市永春县金龙城董记咯摊,7129.169922
福建省泉州市永春县桃城镇太坪新村,6929.419922
福建省泉州市永春县外山乡碧卿林场,7473.919922
福建省泉州市永春县永春新华都超市,6895.830078
福建省泉州市永春县玉斗镇新珩村,6176.75
福建省泉州市永春县玉斗镇玉斗村,6462.5
广东省广州市白云区保利西海岸江海花园,34628.89844
广东省广州市白云区鹤龙街道黄边安怀里,16524.80078
广东省广州市白云区鹤龙街道乐得花园,17336.80078
广东省广州市白云区鹤龙街联边彭西一街,19328.19922
广东省广州市白云区黄石花园,22894.30078
广东省广州市白云区黄石街白云尚城,18130.69922
广东省广州市白云区江高镇大田村海口直街,12725.5
广东省广州市白云区江高镇神山北街,15852.2002
广东省广州市白云区江高镇珠江村新贝路,21452.80078
广东省广州市白云区江夏流铁岗,23977
广东省广州市白云区金沙街道金沙洲中海金洲馨园,15464.7002
广东省广州市白云区金沙洲保利西子湾,16753.59961
广东省广州市白云区京溪街道广州大道北,26918.5
广东省广州市白云区景云路景云居,33346.19922
广东省广州市白云区梅滨大厦,26923.90039
广东省广州市白云区南航明珠酒店,13263.09961
广东省广州市白云区麒麟新村三街二巷,29353.09961
广东省广州市白云区人和镇清河渡头街,11080.5
广东省广州市白云区人和镇人和商业街,17330.80078
广东省广州市白云区人和镇西成路蔚徕酒店,17330.30078
广东省广州市白云区三元里街道棠下三官后街,18121.19922
广东省广州市白云区石井街道玖兴公寓,23746.30078
广东省广州市白云区石井街道石潭路,22083
广东省广州市白云区时代玫瑰园,18392.80078
广东省广州市白云区太和镇黄庄万科蓝山,21452.80078
广东省广州市白云区棠景街道岗贝路贝丽花园,26146.30078
广东省广州市白云区棠景街道乐嘉路,23531.40039
广东省广州市白云区棠景街国强北街,23531
广东省广州市白云区同德街道同嘉路,23266.30078
广东省广州市白云区同德街道西槎路同景东街,23855.5
广东省广州市白云区同和街道石桥七巷,16556.80078
广东省广州市白云区同和街道同沙路云东小区,17901.59961
广东省广州市白云区同景东街,26057.09961
广东省广州市白云区心谊路,22783.5
广东省广州市白云区永平街道百顺北路,28745.5
广东省广州市白云区永平街道永泰中街,25102.09961
广东省广州市白云区元邦航空家园,23043.40039
广东省广州市从化区城郊街新雍丽酒店,17028.80078
广东省广州市番禺区碧桂园东苑倚翠路,16805.90039
广东省广州市番禺区大龙街道东湖洲花园,26181.19922
广东省广州市番禺区大龙街尚东尚筑,24390.5
广东省广州市番禺区东环街道金山谷花园,23007.5
广东省广州市番禺区甘棠村东环街大社坊中心街,20968.80078
广东省广州市番禺区金山谷花园,23007.5
广东省广州市番禺区名伦花园,15301.5
广东省广州市番禺区南村镇雅居乐北苑,25559.40039
广东省广州市番禺区祈福新村活力花园,28513.80078
广东省广州市番禺区祈福新村祈福名都,28786.19922
广东省广州市番禺区桥南街道陈涌村,28334.80078
广东省广州市番禺区沙湾街道荷景一区,17521.19922
广东省广州市番禺区石楼镇亚运城媒体村,21900.40039
广东省广州市番禺区市桥街道仓边大街,23089.5
广东省广州市番禺区市桥街道维也纳市桥中心店,16457
广东省广州市番禺区市桥街丽柏酒店,19891.19922
广东省广州市番禺区未来域,17044.09961
广东省广州市番禺区星河湾半岛,30928.30078
广东省广州市番禺区钟村街道鸿福路,27313.90039
广东省广州市番禺区钟村街道祈福缤纷汇,24809.5
广东省广州市番禺区钟村街道祈福名都,28786.19922
广东省广州市番禺区钟村街道倚翠苑,19219.80078
广东省广州市海珠区滨江街道沙地直街,34742
广东省广州市海珠区昌岗街道金盛大厦,32289.30078
广东省广州市海珠区昌岗街道细岗路,37116.60156
广东省广州市海珠区赤岗街道石榴岗路,30574.19922
广东省广州市海珠区赤岗街道纵横公寓,27316
广东省广州市海珠区赤岗街新港中路影城花园,33759
广东省广州市海珠区凤阳街道和平家园,34405.30078
广东省广州市海珠区凤阳街道泰沙路马岗顶,33055.10156
广东省广州市海珠区革新路船舶太古酒店,28054.5
广东省广州市海珠区华洲街道土华洪福新村,19010
广东省广州市海珠区江海街道大塘东边街,28375.90039
广东省广州市海珠区江海街道台涌村新街,27671.80078
广东省广州市海珠区江海街石榴岗路,26857.5
广东省广州市海珠区江南中街道南村聚源八巷,26954.30078
广东省广州市海珠区江南中街道前进路聚龙新街,35539.89844
广东省广州市海珠区江悦酒店,23208.59961
广东省广州市海珠区锦江之星,32087.09961
广东省广州市海珠区龙凤街道凤凰二街,43083
广东省广州市海珠区龙凤街道革新路银山尚橙小区,29798.30078
广东省广州市海珠区龙凤街道江南乐居苑,40681.39844
广东省广州市海珠区龙凤街道金沙路富力现代,36093
广东省广州市海珠区南华西街道同福西路,28761.09961
广东省广州市海珠区南华西街道万科华庭,32695.69922
广东省广州市海珠区南石头街道保利花园,29673.90039
广东省广州市海珠区南石头街鸡春岗新街,26365.40039
广东省广州市海珠区南洲街道上冲桥南新街,28696
广东省广州市海珠区琶洲街道琶洲新村,38643.10156
广东省广州市海珠区琶洲街道阅江路,40198.39844
广东省广州市海珠区琶洲街道阅江中路保利天悦,44632.5
广东省广州市海珠区瑞宝街道金碧花园,30178.80078
广东省广州市海珠区瑞宝街道金恒北一街24号102房,33444
广东省广州市海珠区瑞宝街道瑞源街,29289
广东省广州市海珠区瑞宝街道瑞源街二十巷,29899.80078
广东省广州市海珠区沙园街昌岗中路,34234.39844
广东省广州市海珠区沙园街昌岗中路,34234.39844
广东省广州市海珠区沙园街道水榕路中海橡园,38319
广东省广州市海珠区石溪涌边街9号,26340.69922
广东省广州市海珠区小港路涌边东九巷,24290.19922
广东省广州市海珠区新港街道中大浦园,32324.80078
广东省广州市海珠区新港街国际轻纺城双子星城星辰轩,27525.59961
广东省广州市花城街道茶园路,13335.2998
广东省广州市花都区花城街道南航花园,16997.30078
广东省广州市花都区花城街道长岗村,15614.5
广东省广州市花都区沙芒南5巷,14338.90039
广东省广州市花都区狮岭镇合成村,9418.179688
广东省广州市花都区新华街宾馆新村,12366.40039
广东省广州市花都区新华街道建设北路,13338.7998
广东省广州市花都区新华街道景雅轩小区,13848.2002
广东省广州市花都区新华街道田美村,16870.30078
广东省广州市花都区新华街锦尚蓬莱,16220.7002
广东省广州市花都区新雅街道合和新城锦华,13054.2002
广东省广州市花都区秀全街雅宝新城英伦世家,14477.2998
广东省广州市花都区自由人花园2期,14307.59961
广东省广州市黄埔区大沙街丰乐北路君和名城,24212.30078
广东省广州市黄埔区红山街道红荔西路,20810
广东省广州市黄埔区金碧世纪花园,25671.19922
广东省广州市黄埔区九龙镇万科幸福誉,17361.69922
广东省广州市黄埔区联和街保利林语山庄芳林二街,29133.40039
广东省广州市黄埔区联和街道岭南山畔,29122.09961
广东省广州市黄埔区南岗街广海路亨元花园,18056.90039
广东省广州市黄埔区夏港街蓝玉五街,18959.90039
广东省广州市黄埔区云埔街道东荟城,25483
广东省广州市黄埔区云埔街道榕村西街,17760.5
广东省广州市黄埔区云埔街道中海誉城,32012.30078
广东省广州市黄埔区云埔街万科金色梦想,32930.5
广东省广州市黄埔区长岭街道萝岗和苑,31671.19922
广东省广州市荔湾区冲口街道招村南胜九巷,22116.59961
广东省广州市荔湾区多宝街道御景壹号,27125.90039
广东省广州市荔湾区花地街道恒荔湾畔,25982.59961
广东省广州市荔湾区华林街道光复中路丽枫酒店长寿东路店,30845.19922
广东省广州市荔湾区华林街道文昌南路,29121.69922
广东省广州市荔湾区金花街道龙津中路,35275.5
广东省广州市荔湾区金花街道芦荻街,37544
广东省广州市荔湾区石围塘街道兴东路,23980.5
广东省广州市荔湾区石围塘街凯粤湾,23711.69922
广东省广州市荔湾区中海花湾,25019.30078
广东省广州市南沙区碧桂园天玺湾小区,18801.09961
广东省广州市南沙区叠翠峰,20092.90039
广东省广州市南沙区黄阁镇璧珑湾,22661.19922
广东省广州市南沙区黄阁镇万科南方公元,18794.90039
广东省广州市南沙区榄核镇蔡源东街,15880.2002
广东省广州市南沙区南沙街坦头村槽船一街,19076.19922
广东省广州市天河区车陂街道城市假日园,16718.90039
广东省广州市天河区车陂街林南文化酒店,24401.30078
广东省广州市天河区车陂街美好居,27579.90039
广东省广州市天河区凤凰街道渔兴路,26074
广东省广州市天河区海景花园,33403.39844
广东省广州市天河区合景路,22619.90039
广东省广州市天河区猎德街道猎德花园,59057.10156
广东省广州市天河区猎德街猎德复建房,62078.39844
广东省广州市天河区前进街盈彩美居街彩轩,21047.69922
广东省广州市天河区石牌街暨南大学羊城苑,43457.19922
广东省广州市天河区棠下荷光广州锦顺酒店,39674.10156
广东省广州市天河区棠下街道棠德花苑,21735
广东省广州市天河区棠下街道棠石路新景苑小区,30743.69922
广东省广州市天河区棠下街枫叶路棠雅苑,58750.69922
广东省广州市天河区棠下街华景新城陶然庭苑,42994.10156
广东省广州市天河区体育西小区,57663.5
广东省广州市天河区天河新作,45129.89844
广东省广州市天河区冼村街道华明路,51328.60156
广东省广州市天河区冼村街道马场路富力花园,80457.60156
广东省广州市天河区冼村街道潭村路珠光御景,89166.60156
广东省广州市天河区冼村街道潭村珠光新城御景,93567
广东省广州市天河区冼村街道珠光新城御景二期,93928.89844
广东省广州市天河区新塘街华观路云城米酷,20253.09961
广东省广州市天河区兴华街道沙太南路,24653
广东省广州市天河区兴华街道粤垦路金燕花苑,33294.10156
广东省广州市天河区兴华街沙太南路,28272.69922
广东省广州市天河区中南街道南丫村,18239.69922
广东省广州市越秀区北京街道起义路,34864.60156
广东省广州市越秀区大东街道东川路,46073.69922
广东省广州市越秀区登峰街道下塘宝汉直街,61473.19922
广东省广州市越秀区光塔街道起义路,34864.60156
广东省广州市越秀区光塔街解放中路,39405.69922
广东省广州市越秀区华乐街华侨新村光明路,37884.19922
广东省广州市越秀区黄花岗街东风东路,51414.5
广东省广州市越秀区流花街道,36609.39844
广东省广州市越秀区流花街道武汉宾馆,37401.60156
广东省广州市越秀区梅花村街道共和大街,62334.89844
广东省广州市越秀区梅花村街金羊花园,53766.69922
广东省广州市越秀区农林下路,57676.60156
广东省广州市越秀区侨光路万艺广场,36476.30078
广东省广州市越秀区人民街道大新路,31728.19922
广东省广州市越秀区人民街道大新路小新街,30961
广东省广州市越秀区人民街道回龙路,37317.60156
广东省广州市越秀区人民街道万艺维福顿公寓,37405.10156
广东省广州市越秀区水均岗,59650.80078
广东省广州市越秀区水荫路,52081.89844
广东省广州市越秀区淘金东路御龙庭,43177.39844
广东省广州市越秀区淘金路,45243.89844
广东省广州市增城区荔城街中海城市广场,15572
广东省广州市增城区新塘镇大墩村,14273.2002
广东省广州市增城区新塘镇翡翠绿洲,16872
广东省广州市增城区新塘镇富丽园二街,16097.90039
广东省广州市增城区新塘镇尚东阳光,18909.80078
广东省广州市增城区新塘镇太平洋花园,18869.40039
广东省广州市增城区新塘镇西洲村,19183.5
广东省广州市增城区新塘镇西洲村豪门公寓,17980.19922
广东省广州市增城区增江街道碧桂园,17651.40039
广东省广州市增城区增江街道碧桂园荔园,15111.7998
广东省深圳市宝安区宝安大道与裕安一路交汇处卡罗社区,87286.29688
广东省深圳市宝安区宝民社区灶下村,51665.69922
广东省深圳市宝安区东方社区上头田新村,14848.2002
广东省深圳市宝安区福永街道星航华府,25031.90039
广东省深圳市宝安区福中福幸福海岸,70003.89844
广东省深圳市宝安区海华社区自由北小区,61885.69922
广东省深圳市宝安区航城街道南航明珠花园,19581.19922
广东省深圳市宝安区宏发世纪城,27384.19922
广东省深圳市宝安区鸿景园,40972.80078
广东省深圳市宝安区华润万家（宝安店）,56096.30078
广东省深圳市宝安区怀德公元,31374.90039
广东省深圳市宝安区金港华庭,52465
广东省深圳市宝安区金泓凯旋城,99787.79688
广东省深圳市宝安区灵芝新村新安街道,39547.19922
广东省深圳市宝安区满京华云著花园,22338.59961
广东省深圳市宝安区明玉路11号花样年花郡,77093
广东省深圳市宝安区荣泰园,15229.7002
广东省深圳市宝安区沙井西荟城,24905.90039
广东省深圳市宝安区沙井西荟城,24905.90039
广东省深圳市宝安区深航幸福花园,16010.2998
广东省深圳市宝安区石岩街道伊隆达工业园,15436.7002
广东省深圳市宝安区松岗街道碧头社区华都公寓,21993.40039
广东省深圳市宝安区松岗街道红星村温屋,17393.80078
广东省深圳市宝安区松茂・御龙湾,57433.30078
广东省深圳市宝安区松新石岗大楼,15470.2002
广东省深圳市宝安区泰华商业城,48182.80078
广东省深圳市宝安区潭头社区四村,17537.80078
广东省深圳市宝安区潭头社区四村,17537.80078
广东省深圳市宝安区塘尾社区蚝二佳仕泰科技园宿舍,17423.19922
广东省深圳市宝安区桃源居,51011
广东省深圳市宝安区万科・金色领域一期,29066.90039
广东省深圳市宝安区万象新天2期,22021.80078
广东省深圳市宝安区西乡街道我们家公寓（海湾家2号楼）,61129.19922
广东省深圳市宝安区新安街道35小区安乐花园,79950.20313
广东省深圳市宝安区新安街道甲岸村,55529.60156
广东省深圳市宝安区新安街道丽枫酒店（深圳海雅缤纷城店）,60602.10156
广东省深圳市宝安区星曜名城B栋,14205.5
广东省深圳市宝安区一尚领航优品酒店,29217.40039
广东省深圳市宝安区永丰社区六区,32612.30078
广东省深圳市福田区八卦四路意馨居,85955.20313
广东省深圳市福田区笔架山公园员工宿舍,63566.69922
广东省深圳市福田区碧华庭居翠园,55197.60156
广东省深圳市福田区东海国际公寓,76656.89844
广东省深圳市福田区福保街道红树福苑,66697.70313
广东省深圳市福田区福保街道明月花园,50981.69922
广东省深圳市福田区福滨新村,61725.30078
广东省深圳市福田区福港路西阳光城市,65859.39844
广东省深圳市福田区福华路维也纳酒店,58381.69922
广东省深圳市福田区福华新村,52571.30078
广东省深圳市福田区福宁街桐林公寓,60425.60156
广东省深圳市福田区福祥街2号1栋,58757.80078
广东省深圳市福田区海田路1008号,67213.5
广东省深圳市福田区华强北街道航苑大厦西座,50376.5
广东省深圳市福田区金地香蜜山,69232.20313
广东省深圳市福田区景田北景龙大厦,76933.5
广东省深圳市福田区景田天健花园,117660
广东省深圳市福田区莲花北村,62247.60156
广东省深圳市福田区莲花街道福莲花园,63355.19922
广东省深圳市福田区莲花街道景蜜村,132665
广东省深圳市福田区梅东三路半山御景,62402.30078
广东省深圳市福田区梅林街道兰江山第,77393.29688
广东省深圳市福田区梅林山水居,56064.80078
广东省深圳市福田区南园街道南园路232号工行公寓,43896
广东省深圳市福田区侨香村,80961.39844
广东省深圳市福田区沙嘴村一坊,44700.10156
广东省深圳市福田区上步中路盛夏公寓,51198.19922
广东省深圳市福田区上沙东村八巷,31772.30078
广东省深圳市福田区玮鹏花园,41931.80078
广东省深圳市福田区下梅林河背村,73313.39844
广东省深圳市福田区下沙村四坊,41835.80078
广东省深圳市福田区下沙花好园,46739.60156
广东省深圳市福田区香格里拉大酒店,84252.29688
广东省深圳市福田区香蜜新村东区,101714
广东省深圳市福田区香山美树苑,67779.39844
广东省深圳市福田区新世界・四季山水一期,47367.69922
广东省深圳市福田区新世界伟瑞酒店,59259
广东省深圳市福田区新洲花园,54907
广东省深圳市福田区新洲牌坊街雅庭精品酒店,56614.30078
广东省深圳市福田区新洲四街香江西苑,46284.39844
广东省深圳市福田区益田村,68729.89844
广东省深圳市福田区益田花园,68834.39844
广东省深圳市福田区益田花园豪园居,68834.39844
广东省深圳市福田区御锦公馆,46028.80078
广东省深圳市福田区园岭新村,96232.79688
广东省深圳市福田区园中花园,92846.10156
广东省深圳市福田区越众小区,78771
广东省深圳市福田区竹子林越海家园依山阁,59574.10156
广东省深圳市龙岗区百合星城二期,46532.89844
广东省深圳市龙岗区坂田街道荔园新村,21834.09961
广东省深圳市龙岗区布吉海心汇福园,29464.09961
广东省深圳市龙岗区布吉街道百合山庄,50460.5
广东省深圳市龙岗区布吉慢城,31596.69922
广东省深圳市龙岗区布吉新三村,46290.10156
广东省深圳市龙岗区布澜路尚峰花园,28435.69922
广东省深圳市龙岗区布龙路与吉华路交汇处万科麓城,31833.59961
广东省深圳市龙岗区大族河山,23098.90039
广东省深圳市龙岗区德兴花园德贵苑,57049
广东省深圳市龙岗区鼎尚华庭,18837.5
广东省深圳市龙岗区凤岐路金德丰雅居,20805
广东省深圳市龙岗区桂芳园八期,45978.80078
广东省深圳市龙岗区禾坪岗禾坪路5号,30331
广东省深圳市龙岗区和|村和|路3号,27456.5
广东省深圳市龙岗区华策中心城,23153.19922
广东省深圳市龙岗区华创云轩B座,36767.30078
广东省深圳市龙岗区华浩源,34353.80078
广东省深圳市龙岗区华为荔枝苑,38787.19922
广东省深圳市龙岗区回龙埔万科翰邻城,41212.60156
广东省深圳市龙岗区吉信街如家酒店,50294.30078
广东省深圳市龙岗区佳兆业・中央广场一期,31782.80078
广东省深圳市龙岗区家和花园南区,31947.80078
广东省深圳市龙岗区嘉霖・龙禧（龙禧雅苑）,33334.69922
广东省深圳市龙岗区金龙豪庭B栋,27915.40039
广东省深圳市龙岗区锦航酒店,23098.90039
广东省深圳市龙岗区龙城街道东方沁园,44823.60156
广东省深圳市龙岗区龙城街道万象天成,33105.5
广东省深圳市龙岗区龙岗街道宝能悦澜山,30851.90039
广东省深圳市龙岗区平湖山厦社区梨头廖,20736.40039
广东省深圳市龙岗区平湖特力商厦,30470.69922
广东省深圳市龙岗区全伟达工业园,31919
广东省深圳市龙岗区山厦社区南油花园,20805
广东省深圳市龙岗区上木古社区岭根吓,21816.30078
广东省深圳市龙岗区西环路八约1街龙富花园,41298.89844
广东省深圳市龙岗区新亚洲花园,33229.5
广东省深圳市龙岗区秀丽山庄,39348.30078
广东省深圳市龙岗区雪象花园新村,27606.09961
广东省深圳市龙岗区杨美社区长坑三区,32984.69922
广东省深圳市龙岗区远洋新干线君域花园,21410.5
广东省深圳市龙岗区嶂背步行街,31097
广东省深圳市龙岗区招商依山郡,43194.60156
广东省深圳市龙岗区中海康城,37492.30078
广东省深圳市龙岗区中骏四季阳光一期,21009.90039
广东省深圳市龙岗区中央悦城,45071.30078
广东省深圳市龙岗区卓然居,31907.59961
广东省深圳市南山区白石洲东四坊,147652
广东省深圳市南山区白石洲新堂花园,58787.69922
广东省深圳市南山区半岛城邦,99845.10156
广东省深圳市南山区大冲新城花园,65799.10156
广东省深圳市南山区大冲宿禾服务式公寓,76038.20313
广东省深圳市南山区大|1村,55348.60156
广东省深圳市南山区大新路23号艺华花园,52414.30078
广东省深圳市南山区登良花园,61549.89844
广东省深圳市南山区东方花园,156852
广东省深圳市南山区哈尔滨工业大学（深圳）宿舍楼,36191.60156
广东省深圳市南山区海岸明珠,69913.79688
广东省深圳市南山区海景嘉途酒店,97078.89844
广东省深圳市南山区汉庭优佳酒店（西丽地铁站店）,32007.30078
广东省深圳市南山区恒立心海湾花园,71144.20313
广东省深圳市南山区华侨城香山美墅,53897.60156
广东省深圳市南山区佳兆业前海广场,74842.5
广东省深圳市南山区锦绣花园,72729.20313
广东省深圳市南山区科技园华润城,92918.29688
广东省深圳市南山区雷公岭村,66333.20313
广东省深圳市南山区丽山路西湖林语,39455.10156
广东省深圳市南山区留仙大道4088号博林天瑞1期西北方向80米,39516.5
广东省深圳市南山区留仙居南A区,44054.30078
广东省深圳市南山区南光花园,59875.80078
广东省深圳市南山区南山街道现代城华庭,68500.79688
广东省深圳市南山区南山街道学府花园,52771.69922
广东省深圳市南山区南山街道阳光棕榈园,77617.79688
广东省深圳市南山区南山街道友邻公寓,53268.60156
广东省深圳市南山区南头街道麒麟花园,54577.60156
广东省深圳市南山区诺德假日花园,77859.70313
广东省深圳市南山区桑泰丹华府三期,33283.69922
广东省深圳市南山区沙河街道华侨城东组团小区,74333.60156
广东省深圳市南山区沙河街道沙河东路世纪村,161336
广东省深圳市南山区蛇口街道东角头港湾花园,79694.39844
广东省深圳市南山区蛇口街道豪方泽公寓,69705.60156
广东省深圳市南山区蛇口街道四海公寓,56854.30078
广东省深圳市南山区水木丹华,40785.69922
广东省深圳市南山区水木华庭,57213.60156
广东省深圳市南山区天鹅湖花园,68397.29688
广东省深圳市南山区万科云城一期,42304.80078
广东省深圳市南山区西海明珠,55542.80078
广东省深圳市南山区西海湾花园,70648
广东省深圳市南山区西丽街道德意名居,23246
广东省深圳市南山区西丽塘朗城,54336.89844
广东省深圳市南山区西丽阳光工业区,15070.59961
广东省深圳市南山区阳光华艺大厦B座,63504.80078
广东省深圳市南山区雍景轩赏湖阁,59557.69922
广东省深圳市南山区御景峰,54817.80078
广东省深圳市南山区招商街道沿山路63号,105206
广东省深圳市南山区中洲万豪酒店,73167.39844
广东省深圳市南山区珠光村西区,40241.10156
河南省南阳市城乡一体化示范区新店乡,9368.620117
河南省南阳市邓州市白牛镇,4907.660156
河南省南阳市邓州市龙堰乡,4220.479981
河南省南阳市邓州市文渠镇,5048.77002
河南省南阳市邓州市张楼乡,4997.459961
河南省南阳市方城县独树镇,4975.669922
河南省南阳市方城县拐河镇,6096.029785
河南省南阳市方城县清河乡,4241.220215
河南省南阳市方城县杨楼镇,5010.790039
河南省南阳市高新区北京路,7211.979981
河南省南阳市高新区明山路,9775.94043
河南省南阳市高新区中关村,7334.009766
河南省南阳市官庄工区赤虎办事处,4860.069824
河南省南阳市官庄工区赤虎街道,4210.200195
河南省南阳市官庄工区官庄镇,4210.200195
河南省南阳市罗山县周党镇杨冲村,5823.700195
河南省南阳市南湾风景管理区南湾街道谭庙村,5153.5
河南省南阳市南召县皇路店镇,6854.700195
河南省南阳市南召县太山庙乡,3606.149902
河南省南阳市内乡县灌涨镇,3143.399902
河南省南阳市平桥区平西街道龙江名邸,5544.120117
河南省南阳市平桥区肖店乡齐营村,4923.910156
河南省南阳市商城县赤城街道时代商贸城,4395.689941
河南省南阳市社旗县李店镇,5162.490234
河南省南阳市社旗县太和镇,5053.229981
河南省南阳市社旗县下洼镇,5171.910156
河南省南阳市社旗县朱集镇,5304.299805
河南省南阳市负忧金牛山街道,5164.310059
河南省南阳市负忧老城街道东方红大道怡和名门,7115.259766
河南省南阳市示范区白河街道办,6588.040039
河南省南阳市唐河县北京大道,5927.950195
河南省南阳市唐河县苍台镇,4428.609863
河南省南阳市唐河县古城乡,5032.75
河南省南阳市唐河县黑龙镇,5602.470215
河南省南阳市唐河县龙潭镇,4584.02002
河南省南阳市唐河县马振抚镇,5176.02002
河南省南阳市唐河县上屯镇,5536.02002
河南省南阳市唐河县少拜寺乡,5380.689941
河南省南阳市唐河县桐寨铺镇,5447.850098
河南省南阳市唐河县源潭镇,5317.299805
河南省南阳市桐柏县城关镇,5610.040039
河南省南阳市桐柏县城郊乡,4785.029785
河南省南阳市桐柏县淮源镇,5177.919922
河南省南阳市宛城区茶庵乡,8379.669922
河南省南阳市宛城区汉冶路,8880.419922
河南省南阳市宛城区黄台岗镇,8324.540039
河南省南阳市宛城区瓦店镇,5099.410156
河南省南阳市宛城区新华街道,11374.90039
河南省南阳市卧龙区光武街道,7208.100098
河南省南阳市卧龙区陆营镇,6856.399902
河南省南阳市卧龙区梅溪街道,9977.490234
河南省南阳市卧龙区梅溪街道办,10349.5
河南省南阳市卧龙区蒲山镇,7925.430176
河南省南阳市卧龙区七里园乡,8574.410156
河南省南阳市卧龙区七一街道办,9183.150391
河南省南阳市卧龙区石桥镇,6621.709961
河南省南阳市卧龙区卧龙岗街道办,8947.19043
河南省南阳市卧龙区武侯街道,8217.589844
河南省南阳市卧龙区英庄镇,5229.899902
河南省南阳市西峡县城关镇,5720.529785
河南省南阳市息县杨店乡永红村,5176.02002
河南省南阳市淅川县九重镇,5949.149902
河南省南阳市新野县汉华街道,4548.959961
河南省南阳市新野县前高庙乡,4583.129883
河南省南阳市新野县上港乡,4626.359863
河南省南阳市新野县施庵镇,4149.870117
河南省南阳市新野县王集镇,3815.850098
河南省南阳市新野县新甸铺镇,4626.359863
河南省南阳市镇平县北关村,5232.299805
河南省南阳市镇平县高丘镇,4424.959961
河南省南阳市镇平县郭庄乡,6278.080078
河南省南阳市镇平县侯集镇,6219.850098
河南省南阳市镇平县贾宋镇,5813.560059
河南省南阳市镇平县彭营乡,4889.609863
河南省南阳市镇平县雪枫办,3305.310059
河南省南阳市镇平县雪枫街道,3305.310059
河南省平顶山市宝丰县石桥镇,6371.830078
河南省平顶山市宝丰县周庄镇孙庄村,6680.169922
河南省平顶山市鲁山县老城大街,6544.830078
河南省平顶山市鲁山县鲁阳街道人民路中段172号院,6544.830078
河南省平顶山市卫东区建设路街道佳田B楼,5796.919922
河南省平顶山市卫东区优越路街道广厦综合楼,5980.080078
河南省平顶山市卫东区优越路街道园丁路食品公司家属院,6240.419922
河南省平顶山市新城区湖滨路街道常绿大阅城,7206.830078
河南省平顶山市新城区湖滨路街道湖光花园凤舞园,7828.669922
河南省平顶山市新华区光明路街道王庄村,7453.25
河南省平顶山市新华区湖滨路街道西太平,7058.419922
河南省平顶山市新华区矿工路街道乐福小区,6542.75
河南省平顶山市新华区矿工路街道平安家园,6122.830078
河南省平顶山市新华区曙光街街道嘉怡居,7055.75
河南省平顶山市新华区曙光街街道新华区政府家属院,5885.419922
河南省平顶山市新华区曙光街街道阳光花苑小区,7408.169922
河南省平顶山市新华区西高皇街道春华国际,5647.580078
河南省平顶山市新华区西高皇街道怡购城,6687.919922
河南省平顶山市新华区西花园小区,5950
河南省平顶山市新华区西市场街道百合金山1号楼,5580.75
河南省平顶山市新华区西市场街道三七街南团小区,6706.580078
河南省平顶山市新华区西市场街道三七街三环佳苑,6136
河南省平顶山市新华区西市场街道四矿矿后香港楼,4784.669922
河南省平顶山市新华区西市场街道五星小区,5470.830078
河南省平顶山市新华区西市场街道优胜街四矿小区,5470.330078
河南省平顶山市新华区西市场街道自然城小区,5470.830078
河南省平顶山市新华区西市场优胜花园,5580.75
河南省平顶山市新华区中兴路街道金世纪小区北院,5995.5
河南省平顶山市叶县马庄回族乡小河赵村,6168.5
河南省平顶山市叶县仙台镇辛楼村,6259.5
河南省平顶山市湛河区九里山街道桃花源小区,5735.330078
河南省平顶山市湛河区九里山街道西苑小区,5666.919922
河南省平顶山市湛河区南环路街道凯旋国际,5570.169922
河南省商丘市梁园区白云办事处叶庄南新村,5519.5
河南省商丘市梁园区白云街道酒厂路叶庄村,5268.169922
河南省商丘市梁园区东风办事处沈庄新村,4990.419922
河南省商丘市梁园区东风街道豫立首府,5490.25
河南省商丘市梁园区李庄乡潘口南街村,4708.169922
河南省商丘市梁园区刘口乡中陈村,4392.580078
河南省商丘市梁园区刘口乡中陈村王庄,4392.580078
河南省商丘市梁园区平原街道昆仑路八一新苑,5378.75
河南省商丘市梁园区前进街道一建公司家属院,4214.080078
河南省商丘市梁园区沈庄,5011.25
河南省商丘市梁园区孙付集乡张庄村,4972.5
河南省商丘市民权县花园吴老家,3209
河南省商丘市民权县南华街道东区,3879.75
河南省商丘市宁陵县城郊乡郭英村,4178.080078
河南省商丘市宁陵县华堡镇,3959.580078
河南省商丘市宁陵县华堡镇温庙村,3959.580078
河南省商丘市宁陵县孔集乡宋胡洞东村,4138.25
河南省商丘市宁陵县孔集乡宋胡同村,4138.25
河南省商丘市宁陵县刘楼乡胡店村,3850.75
河南省商丘市宁陵县石桥镇王坡楼村,4138.25
河南省商丘市示范区平安街道富贵华庭,4932.169922
河南省商丘市示范区张阁镇孙集村,5162.330078
河南省商丘市示范区中州办事处黄楼东村,4978.330078
河南省商丘市示范区中州街道黄楼东村,5317
河南省商丘市示范区中州街道杨堂新村,5550
河南省商丘市睢县尤吉屯乡潘庄村,4587
河南省商丘市睢阳区包公庙乡十西村,4395.080078
河南省商丘市睢阳区东方办事处宏昌路附近,4368.169922
河南省商丘市睢阳区古宋办事处常路口村,4901.169922
河南省商丘市睢阳区古宋街道名门城书苑花园,6234.75
河南省商丘市睢阳区南京路与归德路交叉口宇鑫小区,5378.830078
河南省商丘市睢阳区新城办事处宇鑫国际小区,4521.169922
河南省商丘市睢阳区长江路与开元路交叉口南,4934.5
河南省商丘市睢阳区振华南苑小区,5321.330078
河南省商丘市夏邑县曹集乡曹集大队许庄村,4805.5
河南省商丘市夏邑县曹集乡东许庄村,4612.169922
河南省商丘市夏邑县曹集乡许庄,4683
河南省商丘市夏邑县车站镇,2986.580078
河南省商丘市夏邑县车站镇良种厂村,2870.330078
河南省商丘市夏邑县城关一环路骆集路口,3542.830078
河南省商丘市夏邑县城关镇闫刘庄村,3539.669922
河南省商丘市夏邑县郭店乡金庄村,4671
河南省商丘市夏邑县会亭镇杜庄,4671
河南省商丘市夏邑县罗庄乡李营村周楼,4546.75
河南省商丘市夏邑县杨集高庄,3091.330078
河南省商丘市夏邑县杨集镇,3509.580078
河南省商丘市永城市东城区岚湾国际小区,4437.419922
河南省商丘市永城市发展广场,4252.75
河南省商丘市永城市新城区牡丹小区,4602.330078
河南省商丘市永城市演集乡天齐村,5300.669922
河南省商丘市永城市永鑫园东区,4533.080078
河南省商丘市永城市城镇夏柏园村闫各村,4253.919922
河南省商丘市虞城县城关镇,3041.169922
河南省商丘市虞城县城关镇木兰大道木兰小区,3853.169922
河南省商丘市虞城县店集乡,6735.75
河南省商丘市虞城县店集乡魏楼村,6539.75
河南省商丘市虞城县李老家乡高庄村,4066.5
河南省商丘市柘城县安平镇张店村委大史庄,4444.419922
河南省商丘市柘城县伯岗镇高庄户村,4816.75
河南省商丘市柘城县春水办事处德育巷,3805.080078
河南省商丘市柘城县春水街道办事处兴中道,4466
河南省商丘市柘城县春水街道德育巷,3338
河南省商丘市柘城县凤凰街道,4816.75
河南省商丘市柘城县岗王乡天门赵村,4307.669922
河南省商丘市柘城县岗王镇,4350.830078
河南省商丘市柘城县皇集乡后李,4776.5
河南省商丘市柘城县浦东街道办事处学苑小区,4146.830078
河南省商丘市柘城县申桥乡刘楼小朱庄,4369.669922
河南省商丘市柘城县双河办事处吴庄,4347.330078
河南省商丘市柘城县吴庄村双河街道,4444.419922
河南省商丘市柘城县新城办事处金庄村,4307.669922
河南省商丘市柘城县张桥镇张桥,3332.919922
河南省商丘市柘城县张桥镇张桥村,4418.669922
河南省信阳市固始县城郊乡六里棚,3681.909912
河南省信阳市固始县番城办事处仁里社区桂花苑小区,3428.379883
河南省信阳市固始县番城街道办事处六里棚社区,3579.189941
河南省信阳市固始县丰港乡赵圩村,4641.890137
河南省信阳市固始县郭陆滩桥口村,4519.689941
河南省信阳市固始县郭陆滩镇前楼村,4422.77002
河南省信阳市固始县胡族铺镇王塘坊村,3741.030029
河南省信阳市固始县蒋集镇,4129.02002
河南省信阳市固始县蒋集镇付集村,4131.479981
河南省信阳市固始县蒋集镇新街村,4129.02002
河南省信阳市固始县蓼城街道民主三巷,4037.149902
河南省信阳市光山县白雀园镇冯寨村,4666.459961
河南省信阳市光山县白雀园镇土庙村,4752.589844
河南省信阳市光山县白雀园镇中桥村,6939.359863
河南省信阳市光山县北向店乡街道,5429.5
河南省信阳市光山县城关一中,5676.180176
河南省信阳市光山县斛山乡胡店村,7155.100098
河南省信阳市光山县斛山乡良种场村,7326.490234
河南省信阳市光山县斛山乡邱大湾村,7620.330078
河南省信阳市光山县斛山乡赵桥村,7154.899902
河南省信阳市光山县槐店万河村,6162.629883
河南省信阳市光山县凉亭乡王湾村,6871.75
河南省信阳市光山县马畈镇徐寨村,5291.740234
河南省信阳市光山县南向店乡环山村,4701.240234
河南省信阳市光山县十里棚吴明村,4967.890137
河南省信阳市光山县仙居乡独山村,5057.910156
河南省信阳市光山县仙居乡滕岗村,5337.580078
河南省信阳市光山县弦山街道玲珑庭院,5993.649902
河南省信阳市光山县晏河乡冷畈村,6385.810059
河南省信阳市光山县晏河乡刘畈村,3431.139893
河南省信阳市光山县殷棚乡李庄村,5581.560059
河南省信阳市光山县寨河镇罗湖村,4575.149902
河南省信阳市光山县紫水办事处,6666.370117
河南省信阳市光山县紫水街道,6666.370117
河南省信阳市光山县紫水街道金泰领秀城,6369.509766
河南省信阳市淮滨县滨湖街道淮滨花园,5309.060059
河南省信阳市淮滨县邓湾乡新寨村,4203.850098
河南省信阳市淮滨县顺河办事处,4036.409912
河南省信阳市淮滨县王家岗乡小围村,3722.050049
河南省信阳市潢川县春申办事处西关街,5138.709961
河南省信阳市潢川县定城街道草湖路北苑,4634.970215
河南省信阳市潢川县定城街道草湖路京五小区,4973.720215
河南省信阳市潢川县定城街道草湖路经湖小区,5378.609863
河南省信阳市潢川县来龙乡淮凤村,3597.77002
河南省信阳市潢川县双柳树镇晏岗村,6098.700195
河南省信阳市潢川县谈店乡八里村,4193.379883
河南省信阳市潢川县弋阳街道,4231.870117
河南省信阳市潢川县弋阳街道建国新村,3781.949951
河南省信阳市潢川县弋阳街道刘靛行村,4476.160156
河南省信阳市潢川县长堰村定城办事处县后街,4765.649902
河南省信阳市罗山县宝城街道北大街环城西路某家属院,6025.450195
河南省信阳市罗山县宝城街道淮南市场,5746.279785
河南省信阳市罗山县宝城街道某家属院,5498.299805
河南省信阳市罗山县宝城街道水岸国际花园,5711.939941
河南省信阳市罗山县定远乡北洼村,5519.799805
河南省信阳市罗山县老汽车站,5484.140137
河南省信阳市罗山县丽水街道办事处赵园村,5775.540039
河南省信阳市罗山县丽水街道宝城公馆,5542.669922
河南省信阳市罗山县丽水街道府邸花园,6767.439941
河南省信阳市罗山县丽水街道名仕家园,5886.819824
河南省信阳市罗山县丽水街道天湖雅苑,6004.689941
河南省信阳市罗山县丽水街道温州花园,5912.259766
河南省信阳市罗山县丽水街道欣荣花园,6090.52002
河南省信阳市罗山县丽水街道新都名苑,6092.339844
河南省信阳市罗山县灵山镇董桥村,5713.140137
河南省信阳市罗山县灵山镇檀墩村,4906.490234
河南省信阳市罗山县龙山街道,5368.470215
河南省信阳市罗山县龙山街道沈畈村,5369.589844
河南省信阳市罗山县龙山街道天元商贸城,5372.549805
河南省信阳市罗山县龙山街道紫东庭院,5175.339844
河南省信阳市罗山县庙仙乡吴乡村,5278.540039
河南省信阳市罗山县楠杆镇街道,6091.77002
河南省信阳市罗山县楠杆镇郑堂村,5954.189941
河南省信阳市罗山县潘新镇肖庄村,5486.310059
河南省信阳市罗山县彭新镇老派出所,5474.75
河南省信阳市罗山县彭新镇马店村,5474.75
河南省信阳市罗山县铁铺镇九里村,5208.049805
河南省信阳市罗山县周党镇吊桥村,5621.240234
河南省信阳市罗山县周党镇杨冲村,5823.700195
河南省信阳市罗山县周党镇中山村,5114.189941
河南省信阳市罗山县子路乡,5902.819824
河南省信阳市罗山县子路乡殷湾村,5954.149902
河南省信阳市罗山县子路镇罗寨村,5582.02002
河南省信阳市平桥区白高庙小区,6203.149902
河南省信阳市平桥区河源二号公馆,6087.680176
河南省信阳市平桥区胡店乡郭湾村,4809.350098
河南省信阳市平桥区龙江路凯旋城,5528.379883
河南省信阳市平桥区明港镇建设路金水源,4528.5
河南省信阳市平桥区明港镇金辉花园,4551.600098
河南省信阳市平桥区明港镇农工路长乐园,4532.660156
河南省信阳市平桥区平桥街道,5651.709961
河南省信阳市平桥区平桥街道光明路东花苑小区,4644.549805
河南省信阳市平桥区平西办事处,4966.240234
河南省信阳市平桥区平西街道金三角建材港津港花园,5687.839844
河南省信阳市平桥区平西街道龙江名邸,5544.120117
河南省信阳市平桥区平西街道南一胡同和美小区,5152.669922
河南省信阳市平桥区台北城上城,5586.729981
河南省信阳市平桥区万象城彩虹苑,5803.589844
河南省信阳市平桥区五里办事处凤台居委会,6542.779785
河南省信阳市平桥区五里街道居委会新街,6318.479981
河南省信阳市平桥区肖店乡齐营村,4923.910156
河南省信阳市平桥区肖王镇街道,5710.910156
河南省信阳市平桥区阳光花园,5413.220215
河南省信阳市商城县城关镇迎春台,5956.430176
河南省信阳市商城县赤城街道,6156.910156
河南省信阳市商城县赤城街道锦绣家园,5813.140137
河南省信阳市商城县赤城街道任巷,6403.689941
河南省信阳市商城县赤城街道时代商贸城,5833.259766
河南省信阳市商城县赤城街道雍华园小区,6404.259766
河南省信阳市商城县冯店乡杨摆埂村,5811.359863
河南省信阳市商城县观庙镇观庙村,6215.149902
河南省信阳市商城县观庙镇西街,6214.77002
河南省信阳市商城县河凤桥乡赵鹏村,4973.850098
河南省信阳市商城县鲇鱼山办事处,5705.029785
河南省信阳市商城县上石桥镇高棚村,4004.159912
河南省信阳市商城县上石桥镇街道,5635.649902
河南省信阳市商城县双椿铺镇王店村,5685.569824
河南省信阳市商城县吴河乡沈畈村,5949.779785
河南省信阳市负忧北京大街徐家湾,6165.689941
河南省信阳市负忧大庆路文馨园,6067.629883
河南省信阳市负忧东双河镇白庙村,5934.529785
河南省信阳市负忧东双河镇黄楼村,5485.220215
河南省信阳市负忧红太阳小区,6443.490234
河南省信阳市负忧湖东街道书香门第小区,6628.959961
河南省信阳市负忧金牛路,5166.890137
河南省信阳市负忧金牛山街道,5164.310059
河南省信阳市负忧京深路,6767.439941
河南省信阳市负忧经典花园,6941.240234
河南省信阳市负忧老城街道东方红大道怡和名门,7115.259766
河南省信阳市负忧柳林乡新街,5696.5
河南省信阳市负忧柳林乡堰冲村,5634.540039
河南省信阳市负忧胜利南路,5962.910156
河南省信阳市负忧胜利南路某家属院,6060.399902
河南省信阳市负忧负忧工区路,6011.620117
河南省信阳市负忧十三里桥乡街道,5942.439941
河南省信阳市负忧文化路宝丰华府,6887.919922
河南省信阳市负忧五里墩街道鸡公山管理区家属院,7039.839844
河南省信阳市负忧阳光宾馆,8891.070313
河南省信阳市息县八里岔乡八里岔,3995.159912
河南省信阳市息县关店乡戴东村,4803.75
河南省信阳市息县淮河街道八里新村,4474.919922
河南省信阳市息县淮河街道老石油公司家属院,5920.339844
河南省信阳市息县夏庄镇街村,4511.080078
河南省信阳市息县夏庄镇街西村,4510.129883
河南省信阳市息县项店镇董围孜村,4781.830078
河南省信阳市息县项店镇街道,4842.470215
河南省信阳市息县项店镇朱店村,4842.549805
河南省信阳市息县杨店乡永红村,4515.310059
河南省信阳市新县卡房乡居畈村,3394.639893
河南省信阳市新县卡房乡朱畈村,3395.169922
河南省信阳市新县新集镇金水小学,3798.800049
河南省信阳市新县新集镇京九路,3606.469971
河南省信阳市新县新集镇长潭二街,3690.149902
河南省信阳市羊山新区东方今典,7870
河南省信阳市羊山新区府都花园,5339.669922
河南省信阳市羊山新区龙飞山办事处二号公馆,8031.870117
河南省信阳市羊山新区龙飞山办事处恒大名都,8031.870117
河南省信阳市羊山新区新六大街壹号公馆,6928.299805
河南省信阳市羊山新区新十一大道东方今典A区,8556.259766
河南省信阳市羊山新区羊山1街,6010.700195
河南省信阳市中心城区南湾风景管理区南湾街道茶韵路茗阳天下,6685.740234
河南省郑州市二七区北福华小区,14253.59961
河南省郑州市二七区福华街办事处北福华街小区,11234
河南省郑州市二七区福华街办事处京广中路14号院,11234
河南省郑州市二七区福华街办事处铁道家园社区,12512.7002
河南省郑州市二七区福华街办事处铁路北福华街小区,14253.59961
河南省郑州市二七区建中街办事处保全街财富星苑,15558.2998
河南省郑州市二七区京广南路68号院,11456.7998
河南省郑州市二七区人和路办事处联合雅园,8788.990234
河南省郑州市二七区人和路办事处郑飞小区,9111.44043
河南省郑州市二七区升龙国际小区,12671.7002
河南省郑州市二七区兴华南街46号院,12628.09961
河南省郑州市二七区永安街35号院,13374.2998
河南省郑州市二七区长江路一号,8329.570313
河南省郑州市二七区长江一号小区,8329.570313
河南省郑州市二七区长江中路亚星城市山水,9619.589844
河南省郑州市二七区郑密路亚星望江居,10418.2998
河南省郑州市郑东新区海马公园,24029.69922
河南省郑州市郑东新区祭城路街道办事处中兴路锦汇苑,12573.2002
河南省郑州市郑东新区龙湖办事处绿地老街,15372.90039
河南省郑州市郑东新区龙子湖办事处前牛岗小区,10115.90039
河南省郑州市郑东新区卢浮公馆,18206.5
河南省郑州市郑东新区卢浮宫馆,18362.80078
河南省郑州市郑东新区冉庄锦程花园1号院,10732.5
河南省郑州市郑东新区如意办事处绿地老街,27662.90039
河南省郑州市郑东新区顺驰第一大街浅水湾小区,26312.30078
河南省郑州市郑东新区姚桥乡,8616.549805
黑龙江省哈尔滨市阿城区交通家园小区,4510.939941
黑龙江省哈尔滨市阿城区金都社区金都首府2号楼,4931.069824
黑龙江省哈尔滨市阿城区金都首府小区,4931.069824
黑龙江省哈尔滨市巴彦县巴彦镇人寿保险小区,3550.540039
黑龙江省哈尔滨市巴彦县华山乡曹家屯,4112.890137
黑龙江省哈尔滨市巴彦县华山乡少陵村,4462.100098
黑龙江省哈尔滨市巴彦县西集镇春发村,6750.640137
黑龙江省哈尔滨市巴彦县西集镇金泰家园1期,4451.240234
黑龙江省哈尔滨市巴彦县西集镇金泰家园1期,4452.140137
黑龙江省哈尔滨市道里街新发镇太湖街15号,7756.759766
黑龙江省哈尔滨市道里区安定街93号,13218.2998
黑龙江省哈尔滨市道里区百合名苑小区,9681.929688
黑龙江省哈尔滨市道里区朝阳胡同5号楼,12603.7998
黑龙江省哈尔滨市道里区地德里小区201栋3单元,9309.910156
黑龙江省哈尔滨市道里区地工街62号,9988.320313
黑龙江省哈尔滨市道里区工农大街群力新苑小区,12665.90039
黑龙江省哈尔滨市道里区哈药路406号,10786
黑龙江省哈尔滨市道里区海富康城小区,13066.09961
黑龙江省哈尔滨市道里区河政花园小区,10425.90039
黑龙江省哈尔滨市道里区建国街50号,10510.7998
黑龙江省哈尔滨市道里区建化街16号,11754.7002
黑龙江省哈尔滨市道里区丽水雅居小区,11603.40039
黑龙江省哈尔滨市道里区买卖街23号,10864
黑龙江省哈尔滨市道里区买卖街26号,10724.90039
黑龙江省哈尔滨市道里区玫瑰湾小区D5栋,14713.5
黑龙江省哈尔滨市道里区民生尚都小区,9721.599609
黑龙江省哈尔滨市道里区群力第五大道翠湖天地璞园,15362.5
黑龙江省哈尔滨市道里区群力中海寰宇天下小区,11605.59961
黑龙江省哈尔滨市道里区森林街朝阳胡同小区,12603.7998
黑龙江省哈尔滨市道里区乡政街215号,10438.59961
黑龙江省哈尔滨市道里区新发镇太湖北街15号宿舍楼,8003.850098
黑龙江省哈尔滨市道里区新农镇和平村和旺街,6804.439941
黑龙江省哈尔滨市道里区职工街72号丽水雅居A1栋,11120.2002
黑龙江省哈尔滨市道里区中海寰宇12栋,11678.59961
黑龙江省哈尔滨市道外区宝宇环球港三期13号楼,13310.59961
黑龙江省哈尔滨市道外区宝宇三期14栋,12701.7998
黑龙江省哈尔滨市道外区宝宇天邑澜山小区,13638.2998
黑龙江省哈尔滨市道外区道口街地铁家园小区,8435.209961
黑龙江省哈尔滨市道外区地铁家园9号楼,8353.55957
黑龙江省哈尔滨市道外区东凤镇东都幸福里24号,8626.790039
黑龙江省哈尔滨市道外区富锦街180号,12096.2998
黑龙江省哈尔滨市道外区丽兹江畔小区,9107.969727
黑龙江省哈尔滨市道外区南极国际15号楼,15069.40039
黑龙江省哈尔滨市道外区南直路和平小区,12954.59961
黑龙江省哈尔滨市道外区西开原二道街17号,11719.2998
黑龙江省哈尔滨市方正县博汇阳光小区,4269.720215
黑龙江省哈尔滨市方正县方正镇爱建宜居4号楼,4164.279785
黑龙江省哈尔滨市方正县方正镇博汇小区,4265.759766
黑龙江省哈尔滨市方正县方正镇龙兴小区2期4号楼,4302.540039
黑龙江省哈尔滨市方正县方正镇前进街同庆小区2号楼,4253.069824
黑龙江省哈尔滨市兰西县平山镇复兴村太平屯一队,3711.51001
黑龙江省哈尔滨市木兰县东兴镇东南村家园小区二期,3975.879883
黑龙江省哈尔滨市木兰县付家屯,4136.879883
黑龙江省哈尔滨市南岗区保健副路盟科涵舍小区,11924.7998
黑龙江省哈尔滨市南岗区保健街道大众新城二期,9599.219727
黑龙江省哈尔滨市南岗区保健路建兴鲁商凤凰城2号楼,9850.240234
黑龙江省哈尔滨市南岗区保利清华颐园小区1号楼3单元,12434.7002
黑龙江省哈尔滨市南岗区大众新城小区,9939.44043
黑龙江省哈尔滨市南岗区鼎新三道街42号,11783.7002
黑龙江省哈尔滨市南岗区凡尔赛诗城小区,9229.379883
黑龙江省哈尔滨市南岗区富水路122号,10671
黑龙江省哈尔滨市南岗区汉兴街51号八元小区,13602.09961
黑龙江省哈尔滨市南岗区和兴路199号1栋6单元,12213.59961
黑龙江省哈尔滨市南岗区科大小区,13533.2998
黑龙江省哈尔滨市南岗区燎原街道军工龙军小区,12126.59961
黑龙江省哈尔滨市南岗区鲁南松江新城4地块2号楼,10470.09961
黑龙江省哈尔滨市南岗区美馨家园小区,9953
黑龙江省哈尔滨市南岗区七政街道恒祥城小区3期5号楼2单元,11915.40039
黑龙江省哈尔滨市南岗区清明4道街162号,12482
黑龙江省哈尔滨市南岗区清明四道街,12455.40039
黑龙江省哈尔滨市南岗区软件园小区,10747.7002
黑龙江省哈尔滨市南岗区文化家园小区,11740.59961
黑龙江省哈尔滨市南岗区文景街111号小区,11942
黑龙江省哈尔滨市南岗区文景街59号,11370.2002
黑龙江省哈尔滨市南岗区文明街56号文海西畔3号楼,12342.2002
黑龙江省哈尔滨市南岗区西大直街351号,12207.59961
黑龙江省哈尔滨市南岗区信恒现代城小区,13560.2998
黑龙江省哈尔滨市南岗区振兴街80号,11121.09961
黑龙江省哈尔滨市尚志市帽儿山镇孟家村板子房屯,5032.680176
黑龙江省哈尔滨市尚志市帽儿山镇孟家九村,4811.77002
黑龙江省哈尔滨市尚志市亚布力生态小区,7579.620117
黑龙江省哈尔滨市尚志市亚布力镇大直街,7684.569824
黑龙江省哈尔滨市尚志市亚布力镇工商街北大胡同,7698.910156
黑龙江省哈尔滨市尚志市亚布力镇和平路附近平房,7687.319824
黑龙江省哈尔滨市尚志市亚布力镇九丰花园小区,7743.120117
黑龙江省哈尔滨市尚志市亚布力镇林业局九丰家园,7734.060059
黑龙江省哈尔滨市尚志市亚布力镇前进街致富委,7585.529785
黑龙江省哈尔滨市尚志市亚布力镇尚礼村双合屯,7104.040039
黑龙江省哈尔滨市尚志市亚布力镇生态小区7号楼,7724.890137
黑龙江省哈尔滨市尚志市亚布力镇双河下屯,7585.529785
黑龙江省哈尔滨市尚志市亚布力镇站前综合楼,7724.330078
黑龙江省哈尔滨市市道里区透笼街32号1单元,10597.59961
黑龙江省哈尔滨市市道外区南极国际三期15号楼2单元,15069.40039
黑龙江省哈尔滨市双城区新兴街道新红村,9316.700195
黑龙江省哈尔滨市双城市银行名苑小区,5238.689941
黑龙江省哈尔滨市松北区利民大道师大嘉园小区,10185.7998
黑龙江省哈尔滨市五常市杜家镇孙家屯,8370.169922
黑龙江省哈尔滨市五常市龙凤山镇龙凤山乡学田村四屯,6784.669922
黑龙江省哈尔滨市五常市五常镇福润小区,5059.509766
黑龙江省哈尔滨市五常市五常镇鸿霖小区22栋,4012.560059
黑龙江省哈尔滨市五常市五常镇金泰新区11号楼7单元,4523.330078
黑龙江省哈尔滨市五常市五常镇阳光二期三号楼,3754.120117
黑龙江省哈尔滨市五常市五常镇阳光花园二期,3931.959961
黑龙江省哈尔滨市五常市迎宾小区8号楼3单元,4254.799805
黑龙江省哈尔滨市香坊区菜艺街49号,10239.2998
黑龙江省哈尔滨市香坊区城东新居小区,8477.150391
黑龙江省哈尔滨市香坊区东北农业大学职工住宅楼A座,8582.169922
黑龙江省哈尔滨市香坊区富水路122号3单元,10671
黑龙江省哈尔滨市香坊区赣南小区,9752.429688
黑龙江省哈尔滨市香坊区赣水路龙房小区3号楼5单元,9528.139648
黑龙江省哈尔滨市香坊区公滨路574号恒祥中山小区,9303.730469
黑龙江省哈尔滨市香坊区规划街华侨名苑小区,10590.09961
黑龙江省哈尔滨市香坊区和兴路19号,10103
黑龙江省哈尔滨市香坊区华侨名苑B栋,10499.5
黑龙江省哈尔滨市香坊区结构街29-3,9733.320313
黑龙江省哈尔滨市香坊区结构街工程小区,9942.629883
黑龙江省哈尔滨市香坊区凯旋广场小区,10369.7998
黑龙江省哈尔滨市香坊区澜悦东方18号楼,9889.959961
黑龙江省哈尔滨市香坊区乐松广场8号楼,10393
黑龙江省哈尔滨市香坊区乐松广场8号楼,10393
黑龙江省哈尔滨市香坊区乐松小区,10404.2998
黑龙江省哈尔滨市香坊区黎明荣府小区,9113.330078
黑龙江省哈尔滨市香坊区木材街河畔花园2栋1单元,8889.490234
黑龙江省哈尔滨市香坊区农大公寓6栋,8035.830078
黑龙江省哈尔滨市香坊区农大教师公寓6栋1单元,8035.830078
黑龙江省哈尔滨市香坊区顺水街顺水小区,8992.780273
黑龙江省哈尔滨市香坊区松海路88号澜悦东方18号楼1单元,10193.2998
黑龙江省哈尔滨市香坊区香溪花园,12124
黑龙江省哈尔滨市香坊区亚麻二道街亚麻小区,14257.90039
黑龙江省哈尔滨市香坊区延福街2号,10668.2998
黑龙江省哈尔滨市香坊区中山路丁香园小区,12943.5
湖南省常德市安乡县安丰乡功成垸村4组,4023.979981
湖南省常德市安乡县安宏乡小河口,3897.820068
湖南省常德市安乡县安凝乡,3952.600098
湖南省常德市安乡县安凝乡新r村6组,3878.830078
湖南省常德市安乡县大鲸港镇,3899.77002
湖南省常德市安乡县大鲸港镇东南州村,4132.77002
湖南省常德市安乡县黄山头镇马坡湖村,4240.709961
湖南省常德市安乡县深柳镇书院洲社区,3998.189941
湖南省常德市安乡县深柳镇书院洲社区安纺小区,4004.409912
湖南省常德市鼎城区常德高新区,5226.430176
湖南省常德市鼎城区十美堂镇同富村,3375.570068
湖南省常德市鼎城区石板滩镇,6822.200195
湖南省常德市鼎城区西洞庭区2分场4队,3392
湖南省常德市汉寿县沧港镇,4863.049805
湖南省常德市汉寿县沧港镇祝家岗村和平组,4735.25
湖南省常德市汉寿县太子庙镇岩嘴社区,4198.959961
湖南省常德市汉寿县酉港镇,3381.580078
湖南省常德市津市市毛里湖镇澧赋村,3652.659912
湖南省常德市津市市三洲驿街道,3707.419922
湖南省常德市澧县官垸镇,3833.290039
湖南省常德市澧县官垸镇七里村,3834.02002
湖南省常德市澧县澧澹街道,4244.27002
湖南省常德市澧县澧浦街道,4245.740234
湖南省常德市澧县澧浦街道浦金国际小区,4247.390137
湖南省常德市澧县澧西街道,5233.549805
湖南省常德市澧县澧西街道群星社区,5221.649902
湖南省常德市澧县澧西街道社区,5233.549805
湖南省常德市澧县澧阳街道大汉新城小区,4741.620117
湖南省常德市澧县澧阳街道徐家嘴社区,4931.509766
湖南省常德市澧县澧阳镇邓家滩25组,4545.240234
湖南省常德市澧县澧阳镇芬司街,4977.779785
湖南省常德市澧县梦溪镇新堰村,5643.779785
湖南省常德市澧县如东镇东红村,4115.52002
湖南省常德市澧县如东镇玉龙村,3754.73999
湖南省常德市澧县小渡口镇东风村,4130.069824
湖南省常德市澧县小渡口镇宋二酒店,4126.169922
湖南省常德市澧县星香源酒店,5273.600098
湖南省常德市澧县运达城二期小区,5292.600098
湖南省常德市临澧县四新岗,4218.740234
湖南省常德市临澧县四新岗镇神堰村神堰组,4367.959961
湖南省常德市临澧县四新岗镇雨台村邵家堰组,4172.939941
湖南省常德市石门县二都街道,5481.919922
湖南省常德市石门县夹山镇三板桥居委会,5359.330078
湖南省常德市桃源县陬市镇观音桥村,4211.410156
湖南省常德市武陵区白马湖街道,7263.100098
湖南省常德市武陵区滨湖西路湖南文理学校职工宿舍,7255.029785
湖南省常德市武陵区常德高新区,7623.560059
湖南省常德市武陵区丹阳街道经泽湖畔,7748.970215
湖南省常德市武陵区电力巷,7209.120117
湖南省常德市武陵区府坪街道,5845.370117
湖南省常德市武陵区南坪街道,8100.629883
湖南省常德市武陵区乾明商务宾馆,7195.049805
湖南省常德市武陵区新河西路,8880.870117
湖南省常德市武陵区永安街道楠竹山甘露寺小区,7339.220215
湖南省常德市武陵区长庚街道,6414.609863
湖南省常德市武陵区长庚街道西苑新村,6747.529785
湖南省常德市武陵区芷兰街道,6987.299805
湖南省常德市武陵区芷兰街道市公路局宿舍,7207.52002
湖南省怀化市辰溪县农村商业银行家属区,3474.469971
湖南省怀化市辰溪县潭湾镇柏林村,3475.060059
湖南省怀化市鹤城区广铁四公司,5486.339844
湖南省怀化市鹤城区河西汽配城,4980.740234
湖南省怀化市鹤城区河西润兰公司2号粮油市场,5120.399902
湖南省怀化市鹤城区河西天庆大厦,5192.529785
湖南省怀化市鹤城区宏丰大厦,6096.439941
湖南省怀化市鹤城区宏宇新城橡树湾,6026.779785
湖南省怀化市鹤城区环城北路碧桂园小区,5899.350098
湖南省怀化市鹤城区人民南路邮电局家属区,5214.549805
湖南省怀化市鹤城区人民南路中心市场,5314.319824
湖南省怀化市鹤城区人民南路中心市场第二通道怀仁药房楼上,5225.879883
湖南省怀化市鹤城区水木天成,5424.049805
湖南省怀化市鹤城区天凯综合大市场,5189.990234
湖南省怀化市鹤城区舞阳大道河西家电城,4848.910156
湖南省怀化市鹤城区沿河南路1号,6097.330078
湖南省怀化市鹤城区迎丰东路四中新苑,5026.479981
湖南省怀化市鹤城区迎丰路丰和园小区,5691.799805
湖南省怀化市鹤城区岳麓欧城小区,6292.120117
湖南省怀化市靖州县坳上镇九龙村11组,4437.339844
湖南省怀化市麻阳县高村镇城南加油站帝景苑小区旁,4640.350098
湖南省怀化市溆浦县均坪镇板溪村,5525.350098
湖南省怀化市溆浦县卢峰镇张家桥村1组,5415.120117
湖南省怀化市溆浦县桥江镇,3862.669922
湖南省怀化市溆浦县桥江镇文明街1组,3765.590088
湖南省怀化市溆浦县桥江镇永兴街,3862.669922
湖南省怀化市溆浦县双井镇初落村1组,4764.879883
湖南省怀化市溆浦县水东镇邱家湾村,4309.049805
湖南省怀化市芷江县东紫巷,4726.600098
湖南省益阳市安化县平口镇永兴社区,3072.659912
湖南省益阳市安化县滔溪镇滔溪社区,4153.25
湖南省益阳市安化县长塘镇洞下村,4153.25
湖南省益阳市安化县长塘镇合振村,4153.25
湖南省益阳市赫山区巴黎馨苑,4932.109863
湖南省益阳市赫山区北美阳光城,4900.350098
湖南省益阳市赫山区碧波豪苑,4543.899902
湖南省益阳市赫山区泥江口镇九皇殿村,4972.540039
湖南省益阳市赫山区泉交河镇香三社区,5453.810059
湖南省益阳市南县滨江花园,4658.470215
湖南省益阳市南县畜牧水产局家属楼,4125.290039
湖南省益阳市南县华阁镇河口养殖场,4042.179932
湖南省益阳市南县茅草街镇新尚村,4560.970215
湖南省益阳市南县茅草街镇长春村,4560.970215
湖南省益阳市南县南洲镇宝塔湖村,4297.060059
湖南省益阳市南县南洲镇大洲村,4638.25
湖南省益阳市南县南洲镇花甲社区,4095.530029
湖南省益阳市南县南洲镇小河堰社区,4037.570068
湖南省益阳市南县三仙湖镇烈士桥村,3806.060059
湖南省益阳市桃江县鸬鹚渡镇龙塘湾村,4690.660156
湖南省益阳市桃江县三堂街镇胡家坳村,4779.209961
湖南省益阳市益阳高新区五环小区,5152.799805
湖南省益阳市益阳高新区益阳碧桂园小区,6031.049805
湖南省益阳市益阳高新区银色现代城,5020.669922
湖南省益阳市沅江市草尾镇草尾社区,4448.109863
湖南省益阳市沅江市草尾镇三码头村,4411.990234
湖南省益阳市沅江市草尾镇永新村,4042.570068
湖南省益阳市沅江市黄茅洲镇志成村,2818.129883
湖南省益阳市沅江市南大膳镇南大社区,2821.5
湖南省益阳市沅江市琼湖街道金福现代小区,4759.680176
湖南省益阳市沅江市四季红镇玉鹊村,4234.879883
湖南省益阳市沅江市泗湖山镇三洲嘴村,2821.5
湖南省益阳市沅江市新湾镇桥北村,4452.720215
湖南省益阳市沅江市阳罗洲镇鹭鸶湖渔场,3650.429932
湖南省岳阳市华容县新河乡十三刀村,4340.229981
湖南省岳阳市华容县禹山镇蓼兰村,4026.600098
湖南省岳阳市华容县章华镇李家湖超市,4064.26001
湖南省岳阳市华容县章华镇书院路农家巷,5762.220215
湖南省岳阳市华容县章华镇移民小区,3820.360107
湖南省岳阳市华容县章华镇治湖村,5342.660156
湖南省岳阳市经开区八字门亮山村,6624.919922
湖南省岳阳市经开区茶场小区,6940.220215
湖南省岳阳市经开区蓝盾新天地,7727.399902
湖南省岳阳市经开区三荷乡神堂村,6130.290039
湖南省岳阳市经开区通海路管理处白石岭综合市场,7371.839844
湖南省岳阳市经开区通海路管理处亮山社区,8361.099609
湖南省岳阳市经开区星河国际,8736.80957
湖南省岳阳市君山区柳林洲街道松湖居委会,4843.330078
湖南省岳阳市君山区钱粮湖东北湖渔场,4099.319824
湖南省岳阳市君山区双元村柳林洲街道,5256.930176
湖南省岳阳市临湘市五里街道副食公司家属区,4978.799805
湖南省岳阳市临湘市五里牌街道童之梦幼儿园,4834.319824
湖南省岳阳市临湘市羊楼司镇如斯村,4673.479981
湖南省岳阳市临湘市詹桥乡水泉村,4356.979981
湖南省岳阳市汨罗市白塘镇磊石乡长山村,4863.939941
湖南省岳阳市汨罗市大荆镇金河村,5293.680176
湖南省岳阳市汨罗市神鼎山镇云山神村,5312.509766
湖南省岳阳市汨罗市桃林寺镇三彩村,5149.790039
湖南省岳阳市南湖新区湖滨街道滨湖新世界,7771.359863
湖南省岳阳市南湖新区湖滨街道滨水新境界,8869.05957
湖南省岳阳市南湖新区南湖街道办事处岳州帝苑,8574.160156
湖南省岳阳市平江县城关镇东街,4770.890137
湖南省岳阳市平江县汉昌镇金蓝湾,4770.729981
湖南省岳阳市平江县汉昌镇天岳加油站对面众通汽贸店楼上,5334.310059
湖南省岳阳市平江县汉昌镇邮电宿舍,4634.890137
湖南省岳阳市平江县南江镇崇义村,4332.419922
湖南省岳阳市屈原管理区屈原镇青山寺社区,4854.919922
湖南省岳阳市湘阴县白泥湖乡横潭村,4748.77002
湖南省岳阳市湘阴县南湖州镇毛角村,4761.450195
湖南省岳阳市湘阴县南湖洲镇谷贻村,4761.450195
湖南省岳阳市湘阴县文星镇白沙社区,4422.600098
湖南省岳阳市岳阳楼区城陵矶桂花园小区,5504.660156
湖南省岳阳市岳阳楼区城陵矶街道长江航道宿舍,5488.540039
湖南省岳阳市岳阳楼区东风广场青年路救助站,6774.240234
湖南省岳阳市岳阳楼区东茅岭街道德胜家园,6799.839844
湖南省岳阳市岳阳楼区东茅岭街道土桥155号,7768.939941
湖南省岳阳市岳阳楼区东茅岭街道原炮台山宾馆家属楼,7150.379883
湖南省岳阳市岳阳楼区东茅岭街道云梦路东井岭巷西百货公司家属房,5777.080078
湖南省岳阳市岳阳楼区洞庭办事处沿湖梦泽花城,6117.350098
湖南省岳阳市岳阳楼区洞庭北路九华山,6329.979981
湖南省岳阳市岳阳楼区洞庭街道圣大珑庭,6387.009766
湖南省岳阳市岳阳楼区枫桥湖街道琵琶王社区许家坡,7201.720215
湖南省岳阳市岳阳楼区枫桥湖街道青螺小区,7349.899902
湖南省岳阳市岳阳楼区建湘路税务新村,6613.600098
湖南省岳阳市岳阳楼区金鹗山办事处人防办,7237.399902
湖南省岳阳市岳阳楼区金鹗山办事处万家坡居委会,6435.549805
湖南省岳阳市岳阳楼区洛王街道大桥组,6282.149902
湖南省岳阳市岳阳楼区洛王街道老杨组,6194.209961
湖南省岳阳市岳阳楼区吕仙亭街道芋头田居委会,6738.700195
湖南省岳阳市岳阳楼区吕仙亭街道芋头田社区燃料公司,6738.700195
湖南省岳阳市岳阳楼区梅溪乡石家组,6110.390137
湖南省岳阳市岳阳楼区梅溪乡验收村,6136.140137
湖南省岳阳市岳阳楼区炮台山宾馆,6921.899902
湖南省岳阳市岳阳楼区炮台山家属楼,6935.930176
湖南省岳阳市岳阳楼区四化建公司宿舍西区,6340.410156
湖南省岳阳市岳阳楼区泰和酒店,7696.390137
湖南省岳阳市岳阳楼区望岳路鹰山社区,5597.919922
湖南省岳阳市岳阳楼区五里牌嘉美巷,8247.900391
湖南省岳阳市岳阳楼区五里牌街道天伦城,8712.589844
湖南省岳阳市岳阳楼区五里牌街道天伦国际,7708.839844
湖南省岳阳市岳阳楼区五里牌中建小区,7945.839844
湖南省岳阳市岳阳楼区小湖湾二村,6400.209961
湖南省岳阳市岳阳楼区鄢家冲社区居委会,6346.180176
湖南省岳阳市岳阳楼区岳阳楼街道3517家属区,6491.729981
湖南省岳阳市岳阳楼区岳阳楼区3517厂,6542
湖南省岳阳市岳阳楼区站前路街道电力大厦,7165.740234
湖南省岳阳市岳阳县筻口镇移山村莲塘片,4676.629883
湖南省岳阳市岳阳县公田镇杨F村,4566.299805
湖南省岳阳市岳阳县荣家湾镇桥东居委会,4115.830078
湖南省岳阳市岳阳县荣家湾镇三塘村,4431.240234
湖南省岳阳市云溪区松杨湖街道凌泊湖砖瓦厂,5859.120117
湖南省岳阳市云溪区岳化安居社区冬苑,3461.51001
湖南省岳阳市云溪区岳化社区安居园夏苑,3427.659912
湖南省岳阳市云溪区岳化社区哨所路,3524.850098
湖南省岳阳市云溪区云溪街道金盆社区三区,3427.659912
湖南省岳阳市云溪区云溪街道双花村邓家组,2945.659912
湖南省岳阳市云溪区云溪街道汪家岭社区,4204.839844
湖南省岳阳市云溪区云溪镇团结村,3195.590088
湖南省长沙市芙蓉区东玺门小区,8139.580078
湖南省长沙市芙蓉区恒大江湾,9507.080078
湖南省长沙市芙蓉区凯通国际,9517.669922
湖南省长沙市芙蓉区乔庄巷,13993.7998
湖南省长沙市芙蓉区省公安厅机关二院,9290.919922
湖南省长沙市芙蓉区铁银大厦,9716.669922
湖南省长沙市芙蓉区万家丽中路一段湘运新村,8600
湖南省长沙市芙蓉区万象新天小区,17592.80078
湖南省长沙市芙蓉区王府花园,19399.40039
湖南省长沙市芙蓉区西南明苑,18424
湖南省长沙市芙蓉区向韶村,13231.2002
湖南省长沙市芙蓉区杨家山市直机关宿舍,9282.919922
湖南省长沙市芙蓉区怡程酒店,8109.580078
湖南省长沙市芙蓉区中交中央公园,8915
湖南省长沙市开福区芙蓉中路一段496号如家酒店（芙蓉中路一段店）,12225.59961
湖南省长沙市开福区芙蓉中路一段559号通广宿舍,12573.5
湖南省长沙市开福区汉庭酒店(湘春路店),10617.7998
湖南省长沙市开福区洪西小区,9888.080078
湖南省长沙市开福区开福区福元西路220号英祥春天小区,11323.5
湖南省长沙市开福区留芳岭1号,15019.2002
湖南省长沙市开福区三一大道景瑞酒店,9047.580078
湖南省长沙市开福区水木轩,10402
湖南省长沙市开福区四季美景,9460
湖南省长沙市开福区万国城,11343.40039
湖南省长沙市开福区维也纳酒店(秀峰公园店),11535.90039
湖南省长沙市开福区新河街道毛家桥街195号,11078.40039
湖南省长沙市开福区秀峰街道新港路80号（长沙港码头）,9552.169922
湖南省长沙市开福区一路吉祥巷,11460.59961
湖南省长沙市开福区月湖兰庭,9613.25
湖南省长沙市开福区长沙泊富名致公寓酒店,16862.69922
湖南省长沙市开福区珠江花城,11216.40039
湖南省长沙市开福区珠江郦城,11501.5
湖南省长沙市浏阳市澄潭江镇洲田村,5642.5
湖南省长沙市浏阳市圭斋东路金都大厦,5539.669922
湖南省长沙市浏阳市文家市镇文中路,6032.080078
湖南省长沙市宁乡市白马桥街道黑金时代小区,5127.580078
湖南省长沙市宁乡市夏铎铺镇龙凤山村,7236
湖南省长沙市天心区北辰中央公园,13873.2998
湖南省长沙市天心区赤岭路公交金盆小区,10275.7998
湖南省长沙市天心区赤岭路街道兴威帕克水岸小区,8991.169922
湖南省长沙市天心区富景园,12346.5
湖南省长沙市天心区黑石铺街道一力社区披塘路 450 号,12076.7002
湖南省长沙市天心区刘家冲路126号君尚嘉筑,11452.7998
湖南省长沙市天心区南湖路永宏佳园小区,9089.25
湖南省长沙市天心区万科紫台,12775.5
湖南省长沙市天心区西湖小区,10251.59961
湖南省长沙市天心区湘江中路异国风情酒店,11338.2998
湖南省长沙市天心区新姚北路398号申奥美域公寓,9596.830078
湖南省长沙市天心区新姚南路296号润江榕园,13694.7998
湖南省长沙市天心区鑫远和城,9385.330078
湖南省长沙市天心区裕南街街道火把山社区长征花园小区,13249.7002
湖南省长沙市天心区中信凯旋城,7688.919922
湖南省长沙市望城区大泽湖街道南塘村,9108.5
湖南省长沙市望城区富基世纪公园小区,8082.669922
湖南省长沙市望城区金山桥街道米地亚家园,12852.2998
湖南省长沙市望城区普瑞大道恒大名都小区,8576.75
湖南省长沙市望城区长沙医学院教职工宿舍,9480.169922
湖南省长沙市雨花区阿弥岭社区二片,8478.669922
湖南省长沙市雨花区车站南路狮子山二片,8682.419922
湖南省长沙市雨花区城市便捷酒店（窑岭店）,9530.5
湖南省长沙市雨花区洞井街道南庭社区全季酒店,8266
湖南省长沙市雨花区都市馨园,8695.25
湖南省长沙市雨花区高铁南站亚朵酒店,8518.919922
湖南省长沙市雨花区高铁南站宜尚酒店,10473.2998
湖南省长沙市雨花区恒达时代花园,12786.2998
湖南省长沙市雨花区华银园社区,9465.080078
湖南省长沙市雨花区金汇园小区,9434.169922
湖南省长沙市雨花区锦绣世纪小区,11331.7002
湖南省长沙市雨花区井湾子街道天华村,11582.7998
湖南省长沙市雨花区黎郡新宇小区,8697.080078
湖南省长沙市雨花区黎雅苑,9633.080078
湖南省长沙市雨花区绿城桂花城,9739.169922
湖南省长沙市雨花区全季酒店,8917.669922
湖南省长沙市雨花区曙光中路名都花园小区,12995.2998
湖南省长沙市雨花区树木岭鑫秋大厦,8742
湖南省长沙市雨花区天华社区筹委会天华小区,11582.7998
湖南省长沙市雨花区湘府九号小区,10056.2998
湖南省长沙市雨花区小林子冲路红旗雅居,10793.2998
湖南省长沙市雨花区新城新世界,8482.919922
湖南省长沙市雨花区新宇太和园民宿,8908.669922
湖南省长沙市雨花区鑫天佳园,8897.75
湖南省长沙市雨花区星光公寓,9178.419922
湖南省长沙市雨花区旭辉国际,14677.2998
湖南省长沙市雨花区颐美园叠彩阁,9569.580078
湖南省长沙市雨花区雨花家园社区星雨心苑小区,11637.7998
湖南省长沙市雨花区雨花区恒大城,10314
湖南省长沙市雨花区雨花亭街道井塘村乐尚城,8474.419922
湖南省长沙市雨花区雨花亭街道香南郡社区英郡年华2期,8474.419922
湖南省长沙市岳麓区奥克斯缔壹城,9600.669922
湖南省长沙市岳麓区滨江景观道168号长沙湘江豪生酒店,12461
湖南省长沙市岳麓区丰顺路中南一号苑,11954.2998
湖南省长沙市岳麓区枫林三路惠和苑,8655.080078
湖南省长沙市岳麓区港湾酒店（长沙西站店）,9639.830078
湖南省长沙市岳麓区恒大华府,10742.2002
湖南省长沙市岳麓区佳兆业云顶梅溪湖四期,18444.30078
湖南省长沙市岳麓区金科东方大院,10243.5
湖南省长沙市岳麓区金色山庄,9407.169922
湖南省长沙市岳麓区靳江小区,11864.2998
湖南省长沙市岳麓区浪琴湾小区,15225.7998
湖南省长沙市岳麓区麓山南路822号中宇园丁新村,8078.580078
湖南省长沙市岳麓区梅溪四季,15607.2002
湖南省长沙市岳麓区米兰春天小区,9572.919922
湖南省长沙市岳麓区骑龙小区,13599.90039
湖南省长沙市岳麓区山水誉峰,11525.59961
湖南省长沙市岳麓区世贸铂翠湾二期,10145.59961
湖南省长沙市岳麓区万科金域缇香,10246.59961
湖南省长沙市岳麓区西湖街道宇洋西海广场,9160.419922
湖南省长沙市岳麓区湘江豪生酒店,12461
湖南省长沙市岳麓区湘熙水郡,12585
湖南省长沙市岳麓区新长江宾馆楼上民宿,10515.7002
湖南省长沙市岳麓区旭辉御府,11403.09961
湖南省长沙市岳麓区阳光丽城,14215.5
湖南省长沙市岳麓区宜居莱茵城,9867.5
湖南省长沙市岳麓区银盆岭新天地小区,11243.40039
湖南省长沙市岳麓区银州小区,9851.580078
湖南省长沙市岳麓区中海国际三区,9711.669922
湖南省长沙市岳麓区中央美郡小区,9537.830078
湖南省长沙市长沙县安沙镇白塔村,8888.330078
湖南省长沙市长沙县安沙镇恒广国际物流园,7901.169922
湖南省长沙市长沙县安沙镇弘广物流园,6643.669922
湖南省长沙市长沙县楚天雅郡,8467.580078
湖南省长沙市长沙县海伦春天,8094.080078
湖南省长沙市长沙县红树湾,8478.5
湖南省长沙市长沙县华天精选酒店,7722.5
湖南省长沙市长沙县黄花镇商业街30号,7985.580078
湖南省长沙市长沙县爵士湘小区,7665
湖南省长沙市长沙县康桥长郡小区,7994.75
湖南省长沙市长沙县路口镇路口社区（原锦绣村）,5967.830078
湖南省长沙市长沙县泉塘街道3614小区,7407.080078
湖南省长沙市长沙县旺德府凯悦国际城,10012.7002
湖南省长沙市长沙县星沙街道盼盼路38号,7327.169922
湖南省长沙市长沙县星沙街道四区,6823.330078
湖南省长沙市长沙县星沙街道松雅湖畔,7153.169922
湖南省长沙市长沙县早安新城,8059.419922
湖南省长沙市长沙县筑梦园小区,11180.5
湖南省株洲市茶陵县腰陂镇东山村,4679.060059
湖南省株洲市茶陵县腰潞镇横屋村,4781.589844
湖南省株洲市茶陵县腰潞镇马加村,4480.27002
湖南省株洲市荷塘区财富小区,5438.910156
湖南省株洲市荷塘区茨菇塘街道前进社区,6360.740234
湖南省株洲市荷塘区茨菇塘街道尚岳嘉苑,6863.779785
湖南省株洲市荷塘区茨菇塘街道钻石新村,5865.629883
湖南省株洲市荷塘区荷塘佳苑小区,5658.189941
湖南省株洲市荷塘区荷塘香榭,6018.529785
湖南省株洲市荷塘区佳安名苑,5137.52002
湖南省株洲市荷塘区金色荷塘,5581.370117
湖南省株洲市荷塘区金山街道保健巷,5137.870117
湖南省株洲市荷塘区亚泰时代广场,5259.939941
湖南省株洲市荷塘区印象华都,5730.680176
湖南省株洲市荷塘区月塘街道宝健巷,5137.870117
湖南省株洲市荷塘区月塘街道果木园,5445.640137
湖南省株洲市醴陵市茶山镇长沙岭村,4997.330078
湖南省株洲市醴陵市船湾镇荆村村市柳组,5520.359863
湖南省株洲市醴陵市国瓷社区花园庵诊所,4922.700195
湖南省株洲市醴陵市黄泥坳82号,5058.419922
湖南省株洲市醴陵市来龙门街道烟花市场,5291.660156
湖南省株洲市醴陵市清水江卫生院,5510.120117
湖南省株洲市醴陵市四中家属楼,4750.509766
湖南省株洲市醴陵市泗汾镇荷田村,5339.029785
湖南省株洲市醴陵市泗汾镇石虎村,5370.180176
湖南省株洲市芦淞区白关镇竹林村,5002.970215
湖南省株洲市芦淞区董公芋寓,6486.640137
湖南省株洲市芦淞区建宁新村,6030.77002
湖南省株洲市芦淞区建设街道桥头社区,6618.509766
湖南省株洲市芦淞区龙泉街道龙泉村,5424.390137
湖南省株洲市芦淞区龙泉街道杨柳村,5959.899902
湖南省株洲市芦淞区摩托车大市场,5246.149902
湖南省株洲市芦淞区青龙湾中心安置镇,5769.430176
湖南省株洲市芦淞区世代华庭,6765.709961
湖南省株洲市芦淞区四季花园小区,6962.060059
湖南省株洲市芦淞区湘江四季花园小区,6962.060059
湖南省株洲市石峰区火车站肯德基,5613.850098
湖南省株洲市石峰区龙头铺镇龙头村,6005.290039
湖南省株洲市石峰区清水塘街道清石广场家豪商居楼,4646.549805
湖南省株洲市石峰区圣华名城,5670.120117
湖南省株洲市石峰区田心街道田心东门馨柳楼,4863.379883
湖南省株洲市石峰区响石岭街道响石东路18号,5445.680176
湖南省株洲市石峰区兴城大厦,4650.680176
湖南省株洲市石峰区亿都新天地,5700.370117
湖南省株洲市石峰区昱峰花园,5573.169922
湖南省株洲市石峰区喻家坪吊车站,5657.569824
湖南省株洲市天元区430朝阳村,4923.149902
湖南省株洲市天元区春藤小镇,6911.049805
湖南省株洲市天元区江湾1号,7417.819824
湖南省株洲市天元区九八缔景城,6478.339844
湖南省株洲市天元区丽景滨江,5670.779785
湖南省株洲市天元区庐山恋小区,7516.430176
湖南省株洲市天元区泰山公馆小区,6808.279785
湖南省株洲市天元区万豪酒店,6826.129883
湖南省株洲市天元区颐景园,6554.379883
湖南省株洲市攸县侯市村联星街道背屋组,3907.679932
湖南省株洲市攸县莲塘坳镇高楼居委会,3932.419922
湖南省株洲市攸县渌田镇陂龙组,3620.75
湖南省株洲市攸县渌田镇大洲村,3626.679932
湖南省株洲市攸县网岭大瑞村,4752.52002
湖南省株洲市攸县网岭罗家坪,3901.27002
湖南省株洲市攸县网岭笙塘村,4968.160156
湖南省株洲市攸县网岭镇宝山湖村中心组,3886.98999
湖南省株洲市攸县丫江桥镇盘上村,4921.129883
湖南省株洲市云龙示范区碧桂园,6573.279785
湖南省株洲市云龙示范区荷塘株百,5664.049805
湖南省株洲市云龙示范区三冲村,6085.810059
江苏省苏州市工业园区东港二村娄葑街道,30877.5
江苏省苏州市工业园区东港新村娄葑街道二组团,31972.09961
江苏省苏州市工业园区东湖大郡2期,40844.89844
江苏省苏州市工业园区海德公园,21706.40039
江苏省苏州市工业园区海尚壹品,79818.10156
江苏省苏州市工业园区嘉瑞巷乐嘉大厦,46861.10156
江苏省苏州市工业园区莲花新村5区,44106.10156
江苏省苏州市工业园区荣域花园,47699.10156
江苏省苏州市工业园区水墨花园,40641.19922
江苏省苏州市工业园区太阳星辰花园,49993.10156
江苏省苏州市工业园区唯亭街道青剑湖花园,20110.5
江苏省苏州市工业园区唯亭街道张泾一村,41614.60156
江苏省苏州市工业园区星公元名邸,40616.69922
江苏省苏州市工业园区徐家浜北二村娄葑街道,24080.19922
江苏省苏州市工业园区雅戈尔潇邦东区,70460.39844
江西省九江市八里湖新区八里湖安置小区,7910.919922
江西省九江市八里湖新区八里湖街道,7730.169922
江西省九江市八里湖新区九龙新城,8381.330078
江西省九江市柴桑区新塘乡前进村,6540.419922
江西省九江市柴桑区涌泉乡,6145.5
江西省九江市德安县车桥镇,6569.25
江西省九江市德安县河东乡人民财产保险公司家属楼,4867.830078
江西省九江市都昌县蔡岭镇,5192.169922
江西省九江市都昌县都昌镇,7242.75
江西省九江市都昌县桥乡堰上余世府,5714.419922
江西省九江市都昌县汪墩乡杨坞村,5627.330078
江西省九江市都昌县徐埠镇,5402.25
江西省九江市都昌县阳峰乡,5353.919922
江西省九江市都昌县中馆镇,5269.919922
江西省九江市共青城市茶山街道,5036.75
江西省九江市共青城市泽泉乡长塘村,4556.580078
江西省九江市湖口县城山镇,5629.080078
江西省九江市湖口县城山镇大塘村,5629.080078
江西省九江市湖口县城山镇横山村,5812.5
江西省九江市湖口县双钟镇磨具厂宿舍,5326.580078
江西省九江市湖口县双钟镇洋港安置小区,5159
江西省九江市湖口县舜德乡,5344.5
江西省九江市湖口县舜德乡舜德村,5344.5
江西省九江市湖口县武山镇,6197.669922
江西省九江市湖口县武山镇莲凤村,5601.830078
江西省九江市湖口县武山镇长岭村,6197.669922
江西省九江市经开区向阳街道,7894.330078
江西省九江市开发区七里湖街道天翼景城小区,7688.669922
江西省九江市濂溪区姑塘镇,7197.169922
江西省九江市濂溪区莲花镇,5908.25
江西省九江市濂溪区十里街道,7324.25
江西省九江市濂溪区五里街道,6917.419922
江西省九江市濂溪区五里街道龙珠花园,7133.25
江西省九江市濂溪区五里街道美日阳光小区,6890.419922
江西省九江市濂溪区五里街道怡居苑,7082.25
江西省九江市濂溪区新港镇,4621
江西省九江市濂溪区新港镇芳兰村,5321.919922
江西省九江市庐山市温泉镇通书院村,6668.169922
江西省九江市彭泽县龙城镇,4250.080078
江西省九江市武宁县大洞乡彭坪村,5006.169922
江西省九江市武宁县鲁溪镇,6519.75
江西省九江市修水县太阳升镇农科所幸福村,6154.580078
江西省九江市修水县义宁镇,5857.919922
江西省九江市修水县义宁镇帝王国际小区,5744.419922
江西省九江市修水县义宁镇东盟佳苑小区,6322
江西省九江市浔阳区白水湖街道,7375.5
江西省九江市浔阳区白水湖街道景馨小区,11160.09961
江西省九江市浔阳区白水湖街道满庭春,7326.169922
江西省九江市浔阳区白水湖街道御江一品,7073.330078
江西省九江市浔阳区甘棠街道,9417.330078
江西省九江市浔阳区甘棠街道中辉凯旋城,9077.25
江西省九江市浔阳区金鸡坡街道,5399.830078
江西省九江市浔阳区人民路街道老马渡地质队社区,7606.669922
江西省九江市永修县九合乡新华村,6532.580078
江西省九江市永修县立新乡杨春村,5247.580078
江西省九江市永修县涂埠镇,5425.5
江西省九江市永修县涂埠镇老城林兴小区,5425.5
江西省九江市永修县永丰垦殖场,5871.5
江西省南昌国家高新产业技术开发区麻丘镇粮管所,9517.049805
江西省南昌国家高新产业技术开发区麻丘镇文教路,9581.599609
江西省南昌市安义县石鼻镇联合村,5517.549805
江西省南昌市安义县石鼻镇向坊村,8840.980469
江西省南昌市安义县长埠镇车田村,7145.120117
江西省南昌市东湖区大院街道,12961.2002
江西省南昌市东湖区董家窑街道八一大道,11522.40039
江西省南昌市东湖区董家窑街道蓝天碧水小区,11486.59961
江西省南昌市东湖区董家窑街道青山路207号,11949.7998
江西省南昌市东湖区董家窑街道永外正街,13621.59961
江西省南昌市东湖区公园街道上营坊,11624.40039
江西省南昌市东湖区豫章街道,11797.40039
江西省南昌市东湖区豫章街道爱国路92号,11846
江西省南昌市东湖区豫章街道阳明锦城,11426
江西省南昌市高新技术产业开发区艾溪湖管理处昌东大道城泰湖韵天成,14538.2002
江西省南昌市高新技术产业开发区昌东镇,13896.7998
江西省南昌市高新技术产业开发区昌东镇光明村,13804
江西省南昌市高新技术产业开发区昌东镇三联村,12322.2002
江西省南昌市高新技术产业开发区昌东镇长胜村,13045.7002
江西省南昌市高新技术产业开发区冠山管理处,11026.40039
江西省南昌市高新技术产业开发区广阳小区,12140.7998
江西省南昌市高新技术产业开发区蛟桥镇枫林东大街,9556.469727
江西省南昌市高新技术产业开发区龙江花园,12735.40039
江西省南昌市高新技术产业开发区麻丘镇宝塔村,9376.849609
江西省南昌市高新技术产业开发区麻丘镇广安村,10024.7998
江西省南昌市高新技术产业开发区麻丘镇厚溪村,9642.709961
江西省南昌市高新技术产业开发区麻丘镇刘城村,9702.69043
江西省南昌市高新技术产业开发区麻丘镇瑶湖春天,9548.259766
江西省南昌市高新技术产业开发区麻丘镇长江村,10142.7002
江西省南昌市国家高新产业技术开发区艾溪湖管理处九江花园,13462.59961
江西省南昌市国家高新产业技术开发区艾溪湖管理处南塘村,11426.59961
江西省南昌市国家高新产业技术开发区麻丘镇麻丘村,9363.419922
江西省南昌市国家高新产业技术开发区麻丘镇麻丘街瑶湖花园,9639.660156
江西省南昌市国家高新产业技术开发区麻丘镇南岗村,10698
江西省南昌市国家高新产业技术开发区麻丘镇瑶湖豪宅,9670.089844
江西省南昌市红谷滩新区凤凰洲管理处凤凰印象,18386.69922
江西省南昌市红谷滩新区凤凰洲管理处凤凰印象,18386.69922
江西省南昌市红谷滩新区沙井街道,18226.09961
江西省南昌市红谷滩新区沙井街道海域香庭,22041.80078
江西省南昌市红谷滩新区沙井街道莱蒙都会,18018.40039
江西省南昌市红谷滩新区沙井街道联泰桥郡,24171
江西省南昌市红谷滩新区沙井街道万达华府,19270.90039
江西省南昌市红谷滩新区沙井街道卫东花园,12882
江西省南昌市进贤县罗溪镇坝塘村,6898.479981
江西省南昌市进贤县罗溪镇北叶村,6719.720215
江西省南昌市进贤县民和镇,6840.089844
江西省南昌市进贤县民和镇世纪新城,6906.279785
江西省南昌市进贤县民和镇五小旁,7157.109863
江西省南昌市进贤县民和镇云桥路,7007.390137
江西省南昌市进贤县文港镇,7425.100098
江西省南昌市进贤县文港镇农贸南路,7592.25
江西省南昌市进贤县文港镇前途村,7776.060059
江西省南昌市进贤县文港镇前途冠堡村,7771.459961
江西省南昌市进贤县文港镇清华城,7546.069824
江西省南昌市进贤县文港镇文港大道,7556.129883
江西省南昌市进贤县文港镇新坪村,8354.269531
江西省南昌市进贤县文港镇镇前路4号,6976.140137
江西省南昌市经济技术开发区白水湖管理处港口村双港东大街,8790.099609
江西省南昌市南昌县八一乡板莲村,8904.929688
江西省南昌市南昌县八一乡新坊村洲上自然村,9167.509766
江西省南昌市南昌县八一乡新坊村洲上自然村莲谢东路,9986.05957
江西省南昌市南昌县八月湖街道,11709.2998
江西省南昌市南昌县八月湖街道九里象湖城靖安里,11981.5
江西省南昌市南昌县八月湖街道象湖保集半岛,11533.40039
江西省南昌市南昌县东新乡保集半岛,11533.40039
江西省南昌市南昌县东新乡象湖绿地兰宫,11789.90039
江西省南昌市南昌县蒋巷镇高梧村,11641.40039
江西省南昌市南昌县莲塘镇,9797.429688
江西省南昌市南昌县莲塘镇澄湖左岸小区,10088.90039
江西省南昌市南昌县莲塘镇莲武路幸福庄园,9469.790039
江西省南昌市南昌县莲塘镇向阳路汇源华庭,10421.40039
江西省南昌市南昌县良种场付林村,7803.950195
江西省南昌市南昌县塘南镇渡口村,9501.610352
江西省南昌市南昌县塘南镇塘南街,12148.40039
江西省南昌市南昌县塘南镇张溪村,11275.7002
江西省南昌市南昌县武阳镇南坊村,7410.279785
江西省南昌市南昌县向塘镇沙潭村,4776.100098
江西省南昌市南昌县向塘镇水电小区,4425.120117
江西省南昌市南昌县小莲村,9298.950195
江西省南昌市南昌县幽兰镇黄坊村,12590.90039
江西省南昌市青山湖区高新南大道鑫和园小区,10367.5
江西省南昌市青山湖区湖坊镇庐山花园,11709.09961
江西省南昌市青山湖区京东镇北京东路世纪风情一期,12049.59961
江西省南昌市青山湖区京东镇京东南大道西,10665.5
江西省南昌市青山湖区京东镇顺外路万科城,10861.40039
江西省南昌市青山湖区罗家镇城南路与昌南大道交接处京川花园,10773.2002
江西省南昌市青山湖区罗家镇赵坊村,10116.2998
江西省南昌市青山湖区罗家镇赵坊秦村,9849.44043
江西省南昌市青山湖区塘山镇罗万村,10081.09961
江西省南昌市青山湖区塘山镇香溢花城,14153.5
江西省南昌市青云谱区城南教师委村三家店街道,11051.5
江西省南昌市青云谱区岱山街道城市溪地,11248.2002
江西省南昌市青云谱区岱山街道城市溪地,11248.2002
江西省南昌市青云谱区岱山街道施尧路天使水榭湾,11526.7002
江西省南昌市青云谱区京山街道施尧路水榭花都,12053.7998
江西省南昌市青云谱区青云谱镇包家花园,10558.59961
江西省南昌市青云谱区青云谱镇博学路静林府,9786.849609
江西省南昌市青云谱区青云谱镇城南家园,10523.09961
江西省南昌市青云谱区青云谱镇墅溪公寓,10567
江西省南昌市青云谱区新巷镇新巷村三家店街道,10244.40039
江西省南昌市西湖区朝农街道力高滨江,18323.69922
江西省南昌市西湖区朝阳洲街道朝阳小区,13080.40039
江西省南昌市西湖区朝阳洲街道朝阳中路怡滨花园,12943.59961
江西省南昌市西湖区朝阳洲街道皇冠国际,13519.09961
江西省南昌市西湖区朝阳洲街道桃欣嘉苑,13527.5
江西省南昌市西湖区丁公路街道二七南路,12764.40039
江西省南昌市西湖区抚生路镇金国际村朝阳洲街道,13108.7002
江西省南昌市西湖区广润门街道,13473.7002
江西省南昌市西湖区南浦街道,12799.7998
江西省南昌市西湖区南站街道,12590.2998
江西省南昌市西湖区南站街道丁公路岔道口西路江西储运公司宿舍,11848.90039
江西省南昌市西湖区绳金塔街道,11531.40039
江西省南昌市西湖区十字街街道安石路桃花住宅区,12163.5
江西省南昌市西湖区十字街街道前进路,12945.09961
江西省南昌市西湖区桃花镇抚生路888号,13139.2002
江西省南昌市西湖区桃花镇郭家庄,13554.7998
江西省南昌市西湖区桃花镇恒大华府,19935.09961
江西省南昌市西湖区桃花镇汇景国际公寓,13293.09961
江西省南昌市西湖区桃花镇三角村,19636.80078
江西省南昌市西湖区桃花镇三小村,19636.80078
江西省南昌市西湖区桃花镇玉兰路联发君领朝阳,19893.09961
江西省南昌市西湖区桃源街道,11866.2998
江西省南昌市西湖区桃源街道公安小区,11720.2998
江西省南昌市新建区黄家湖东路众森一品,11468.5
江西省南昌市新建区溪霞镇甘舍村,10182.40039
江西省南昌市新建区长僬,11466.2002
江西省南昌市新建区长僬蚶晨ㄐ≌,11871.2002
江西省上饶市德兴市花桥镇北小区,7107.290039
江西省上饶市德兴市泗洲镇立新村,7112.470215
江西省上饶市广丰区大南镇李家村,5919.569824
江西省上饶市广丰区大石街道大石头村,6891.75
江西省上饶市广丰区大石乡水角大温组,6854.549805
江西省上饶市广丰区丰溪街道巴黎庄园,6778.75
江西省上饶市广丰区丰溪街道华西大酒店前200米,6378.629883
江西省上饶市广丰区丰溪街道芦洲大道,5978.149902
江西省上饶市广丰区丰溪街道苏塘居,6413.25
江西省上饶市广丰区丰溪街道卧龙城,6059.910156
江西省上饶市广丰区水角村大石街道,6854.729981
江西省上饶市广丰区五都镇紫坞,6508.379883
江西省上饶市广丰区永丰街道南街付家弄,6708.859863
江西省上饶市广丰区永丰街道铜钹山大道,6992.759766
江西省上饶市广信区田墩镇廖家村,6045.060059
江西省上饶市广信区旭日街道翰园小区,7986.680176
江西省上饶市广信区旭日街道绿野星城,6975.359863
江西省上饶市鄱阳县昌州乡陈高村,5805.009766
江西省上饶市鄱阳县古县渡镇南滨村,5754.350098
江西省上饶市鄱阳县鄱阳镇百亩千户小区,5889.669922
江西省上饶市鄱阳县鄱阳镇道汊村,5666.040039
江西省上饶市鄱阳县鄱阳镇花果山,5742.359863
江西省上饶市鄱阳县鄱阳镇葵花岭,6126.609863
江西省上饶市鄱阳县鄱阳镇丽湖星城,5916.729981
江西省上饶市鄱阳县鄱阳镇绿野花园,5526.879883
江西省上饶市鄱阳县鄱阳镇瑞阳花园,5985.410156
江西省上饶市鄱阳县鄱阳镇瑞阳花园,5985.410156
江西省上饶市鄱阳县鄱阳镇桃花源纪,6264.339844
江西省上饶市鄱阳县鄱阳镇先锋小区,5890.009766
江西省上饶市鄱阳县鄱阳镇新民小区,6403.850098
江西省上饶市鄱阳县鄱阳镇朱家桥村,5858.419922
江西省上饶市鄱阳县饶丰镇虹东路,5706.310059
江西省上饶市鄱阳县三庙前屈家村,5706.479981
江西省上饶市鄱阳县三庙前屈家村,5706.479981
江西省上饶市鄱阳县四十里街集镇,5341.069824
江西省上饶市鄱阳县四十里街镇老屋村,5341.02002
江西省上饶市鄱阳县四十里街镇暖水村,5343.459961
江西省上饶市鄱阳县四十里街镇四甲陈村,5339.589844
江西省上饶市鄱阳县四十里街镇占家村,5341.459961
江西省上饶市鄱阳县团林乡康桥村,5349.02002
江西省上饶市鄱阳县团林乡康桥村,5349.02002
江西省上饶市鄱阳县阳镇磨刀石道汊村,5666.040039
江西省上饶市万年县齐埠乡杨家村,6016.680176
江西省上饶市婺源县蚺城街道君尚名府,7516.709961
江西省上饶市婺源县星江路,7600.689941
江西省上饶市信州区北门街道丰光苑小区,8803.219727
江西省上饶市信州区北门街道龙湖一品小区,7961.620117
江西省上饶市信州区北门街道龙湖一品小区,7961.620117
江西省上饶市信州区朝阳镇狮山村,6693.810059
江西省上饶市信州区东市街道箭道巷,6845.089844
江西省上饶市信州区东市街道中山路箭道巷,6845.089844
江西省上饶市信州区茅家岭街道翰林印象,6636.279785
江西省上饶市信州区西市街道铁路新村,8198.370117
江西省上饶市信州区中山路156号,6806.680176
江西省上饶市余干县南昌大道,5723.930176
江西省上饶市余干县玉亭镇干越社区,4780.439941
江西省上饶市余干县玉亭镇上海花园小区,4405.370117
江西省上饶市玉山县冰溪街道凤凰城,6152.689941
江西省上饶市玉山县四股桥乡车头村,6192.089844
江西省新余市保莱大厦,4765.580078
江西省新余市布上村城北街道毛家管理处,5824.25
江西省新余市城北街道宏康花苑3幢1单元,4813.5
江西省新余市城北街道宏康花苑3幢1单元,4813.5
江西省新余市城北街道暨阳翡翠城41栋1单元,6151.830078
江西省新余市城北街道诺贝尔花园7栋2单元,4636.5
江西省新余市城北街道铁路五村丽景家苑1栋1单元,5149.75
江西省新余市分宜县分宜恩达小区,6467.830078
江西省新余市分宜县分宜汉晶宫会所,5269.080078
江西省新余市分宜县广府御景北1栋2单元,5603.75
江西省新余市分宜县钤西办保健巷119号8栋2单元,5256.25
江西省新余市分宜县钤阳西路217号,5670.25
江西省新余市分宜县沁湖丽园32栋1单元,4953.330078
江西省新余市分宜县怡心花园,5481.419922
江西省新余市分宜县永康公园19栋2单元,6508.919922
江西省新余市高新区城东办白水塘村委塘南村,4211.080078
江西省新余市仰天岗办事处应星管理处应星安置小区20栋3单元,5363.419922
江西省新余市渝水区安鑫雅庭,4804.830078
江西省新余市渝水区白水塘小区,4158.669922
江西省新余市渝水区半山御,5344.25
江西省新余市渝水区宝莱大厦,4765.580078
江西省新余市渝水区城北办毛家村委布上村私宅,5152.5
江西省新余市渝水区城北街道半岛豪园,7883.080078
江西省新余市渝水区城北街道北湖中路园田居小区2栋1单元,5313.5
江西省新余市渝水区城北街道博大园中苑小区10幢2单元,4716.669922
江西省新余市渝水区城北街道电厂,5503.330078
江西省新余市渝水区城北街道电厂生活区14栋2单元,5503.330078
江西省新余市渝水区城北街道富花苑,4577.330078
江西省新余市渝水区城北街道鸿发苑,4559.5
江西省新余市渝水区城北街道暨阳世纪城27栋1单元,4900.080078
江西省新余市渝水区城北街道交通银行一大院,5221.75
江西省新余市渝水区城北街道金叶花园,4516.919922
江西省新余市渝水区城北街道名仕公馆,4784.330078
江西省新余市渝水区城北街道明珠花园,4715.830078
江西省新余市渝水区城北街道桥背管理处长埠俅逍∽,4596.25
江西省新余市渝水区城北街道青竹园,4497.25
江西省新余市渝水区城北街道盛德世纪花园,5354.830078
江西省新余市渝水区城北街道铁路后三村14栋1单元,4752.830078
江西省新余市渝水区城北街道铁路四村74栋2单元,4991.330078
江西省新余市渝水区城北街道香山听泉34栋3单元,5640.25
江西省新余市渝水区城北街道新余日报社家属楼2栋1单元,5376.330078
江西省新余市渝水区城东办绿江南小区2栋1单元,5819.75
江西省新余市渝水区城南街道茶山口社区玉紫北路党校小区,5249.669922
江西省新余市渝水区城南街道公园1号6栋,4817.669922
江西省新余市渝水区城南街道三叠园听雨楼1幢3单元,4597.330078
江西省新余市渝水区城南街道沙土地税局站北路私宅,4775.330078
江西省新余市渝水区城南街道水木清华,4553.669922
江西省新余市渝水区城南街道水务尚都2栋1单元,4597.25
江西省新余市渝水区城南街道五交化公司宿舍,4845.25
江西省新余市渝水区城南街道钻石花苑,4620.169922
江西省新余市渝水区翠湖天地,4663.419922
江西省新余市渝水区帝海观澜,5989.25
江西省新余市渝水区东山雅驻2期,4912.169922
江西省新余市渝水区佛朗明戈,7049.5
江西省新余市渝水区公园华府,7164.5
江西省新余市渝水区江山御景,6700.5
江西省新余市渝水区景江花园,6241.5
江西省新余市渝水区居尚酒店,5208.75
江西省新余市渝水区聚福花园,4560.080078
江西省新余市渝水区康盛世纪花园,4772.580078
江西省新余市渝水区康盛世纪花园59栋1单元,4889.669922
江西省新余市渝水区孔目江1号,5659.580078
江西省新余市渝水区丽景新村,4794.919922
江西省新余市渝水区绿景水岸,6518.330078
江西省新余市渝水区青泉花园,4626.919922
江西省新余市渝水区沙土乡贯早村,4802.169922
江西省新余市渝水区时代华城,4241.5
江西省新余市渝水区水澜山,7548.75
江西省新余市渝水区温馨家园,4771.919922
江西省新余市渝水区喜盛威尼斯,4702
江西省新余市渝水区仙来办事处喜盛威尼斯23栋1单元,4702
江西省新余市渝水区新钢公园北村,4686.919922
江西省新余市渝水区新钢公园南村,4469.080078
江西省新余市渝水区新钢街道苗圃星城12栋2单元,4458.830078
江西省新余市渝水区新钢街道望城小区4栋4单元,4370.669922
江西省新余市渝水区新钢苗圃新城,4500.5
江西省新余市渝水区阳光华庭,4960.580078
江西省新余市渝水区仰天岗办事处同创中央公园7栋,6129.580078
江西省新余市渝水区怡馨苑,4562.419922
江西省新余市渝水区玉紫花园,4973.330078
江西省新余市渝水区园田居,5313.5
江西省新余市渝水区园中苑4区,4716.669922
江西省新余市渝水区袁河办事处钢都现代城8栋2单元,4370.669922
江西省新余市渝水区战前西路延伸段熊家北村,4772.580078
江西省新余市渝水区珠珊村委仙来办事处珠珊村小组,4702
江西省新余市珠珊村仙来办事处珠珊管理处,4702
四川省成都市高新区成达佳园,21232.80078
四川省成都市高新区蒂梵尼,16134.7002
四川省成都市高新区嘉好弗斯达酒店,13522.90039
四川省成都市高新区景熙酒店,24734.80078
四川省成都市高新区乐颂居,22489.90039
四川省成都市高新区神仙树大院4期,16237.2998
四川省成都市高新区时代锦城酒店,19446.40039
四川省成都市高新区天府长城柏南郡,21187.80078
四川省成都市高新区维也纳国际酒店,18100.59961
四川省成都市高新区招商玺悦,23450.69922
四川省成都市高新区中德英伦联邦,17044.80078
四川省成都市高新区中海城南1号,36997.60156
四川省成都市高新区中海九号公馆,33572.5
四川省内江市东兴区北环路兰亭茶室,6791.959961
四川省内江市东兴区高梁镇君悦酒楼,6256.75
四川省内江市东兴区高梁镇鸳鸯村7组,6256.169922
四川省内江市东兴区龙湾半岛宣和茶楼,6191.160156
四川省内江市东兴区绿岛银座5栋,7032.919922
四川省内江市东兴区太白路天萱茶楼,6175.259766
四川省内江市东兴区新江街道高寺小区11栋,6030.439941
四川省内江市东兴区兴盛路阳意宾馆,5533.339844
四川省内江市东兴区永福镇夏家沟村6组,6258.379883
四川省内江市市中区白马镇石龙村,4880.180176
四川省内江市市中区白马镇石庙村,5070.029785
四川省内江市市中区白马镇司马桥社区,4625.830078
四川省内江市市中区白马镇政府,4714.330078
四川省内江市市中区城东街道智慧村,5625.100098
四川省内江市市中区工商街110号,4714.089844
四川省内江市市中区民族路198号,4926.189941
四川省内江市市中区民族路民族路198号,4926.189941
四川省内江市市中区世纪滨江17栋,5013.640137
四川省内江市市中区文英街劳动巷59号,5262.890137
四川省内江市威远县威远碧水龙湾,5197.669922
四川省内江市威远县新店镇七星园2栋,4101.060059
四川省内江市威远县新店镇骑龙1组,4309.5
四川省内江市威远县新店镇长塘村12组,4101.569824
四川省内江市威远县新店中心卫生院,3978.560059
四川省内江市资中县归德镇德胜老街84号,5495.819824
四川省内江市资中县球溪镇顺河场黑沟村6组,5518.089844
四川省内江市资中县球溪镇顺河卫生院,6946.939941
四川省内江市资中县顺河菜市场,6948.459961
四川省内江市资中县顺河杨宗良诊所,6017.970215
四川省内江市资中县银山镇老下街民主社区,4952.479981
浙江省宁波市北仑区白峰街道峰城社区,8274.69043
浙江省宁波市北仑区大\街道光明领尚小区,15415.09961
浙江省宁波市北仑区戚家山街道直街,14205.09961
浙江省宁波市北仑区新\街道花样年花郡小区,22144.19922
浙江省宁波市慈溪市古塘街道界牌社区,11413.2998
浙江省宁波市慈溪市横河镇相士地村,11117.2998
浙江省宁波市慈溪市浒山街道水南社区,10718.90039
浙江省宁波市慈溪市浒山街道阳明社区,9973.150391
浙江省宁波市慈溪市龙山镇淞浦村,10564
浙江省宁波市慈溪市龙山镇太平闸村,11124.40039
浙江省宁波市慈溪市太平闸村彭桥村,11124.40039
浙江省宁波市慈溪市长河镇沧田村,8092.459961
浙江省宁波市慈溪市掌起镇周家段村,10518.2998
浙江省宁波市慈溪市周巷镇建五村,7769.609863
浙江省宁波市慈溪市周巷镇平王社区,7114.660156
浙江省宁波市慈溪市周巷镇天元元甲村,8059.379883
浙江省宁波市慈溪市周巷镇万安庄村,7947.700195
浙江省宁波市东钱湖旅游度假区东钱湖镇钱湖人家社区,23023.90039
浙江省宁波市奉化区南浦村,14269.7998
浙江省宁波市奉化区裘村镇黄贤村,9879.669922
浙江省宁波市奉化区尚田街道上海工业城,8425.139648
浙江省宁波市海曙区白云街道白云街,22861.90039
浙江省宁波市海曙区白云街道宝善路,22530.5
浙江省宁波市海曙区白云街道丽雅苑,25850.5
浙江省宁波市海曙区白云街道丽园北路,21824.69922
浙江省宁波市海曙区白云街道联北社区丽园馨都,24645.09961
浙江省宁波市海曙区段塘街道华兴社区,19090.5
浙江省宁波市海曙区段塘街道丽景社区,24366.5
浙江省宁波市海曙区高桥镇高桥社区,19051.59961
浙江省宁波市海曙区高桥镇高桥中路,17477.19922
浙江省宁波市海曙区高桥镇联升佳苑,16951.40039
浙江省宁波市海曙区高桥镇蒲家兰庭,17055.5
浙江省宁波市海曙区高桥镇盛世郦都,18660.19922
浙江省宁波市海曙区古林镇庙后160号,17484.40039
浙江省宁波市海曙区古林镇藕池村绿荷苑,19814.19922
浙江省宁波市海曙区古林镇薛家村,21982.59961
浙江省宁波市海曙区横街镇万华村,11449.90039
浙江省宁波市海曙区集士港镇丰集苑,20440.09961
浙江省宁波市海曙区集士港镇格兰春晨,20331
浙江省宁波市海曙区集士港镇横港村横港新家园,18259.80078
浙江省宁波市海曙区集士港镇井亭社区井亭家园,20030.40039
浙江省宁波市海曙区集士港镇卖面桥村,18369.09961
浙江省宁波市海曙区集士港镇卖面桥小区,18353.80078
浙江省宁波市海曙区集士港镇杨家馨苑,20997.69922
浙江省宁波市海曙区江厦街道小梁街,30091.30078
浙江省宁波市海曙区南门街道苗圃路,23754.40039
浙江省宁波市海曙区南门街道尹江岸二村,22943.69922
浙江省宁波市海曙区石\街道石\村,21888
浙江省宁波市海曙区石\街道雅渡村,20517.19922
浙江省宁波市海曙区石\街道雅渡新村,20421.19922
浙江省宁波市海曙区望春街道关爱小区,21724
浙江省宁波市海曙区望春街道广安社区,21471.5
浙江省宁波市海曙区望春街道青林湾,24595.09961
浙江省宁波市海曙区望春街道青林湾西区,23045
浙江省宁波市海曙区望春街道泰安社区广里安小区,24211.09961
浙江省宁波市海曙区望春街道五江湾小区,21491.90039
浙江省宁波市海曙区望春街道西成村,25843.40039
浙江省宁波市海曙区望春街道西成社区舒沁苑小区,24501.69922
浙江省宁波市海曙区望春街道信谊新村,17651.30078
浙江省宁波市海曙区西门街道丰柏街,22878.59961
浙江省宁波市海曙区西门街道胜丰小区,22345.59961
浙江省宁波市海曙区西门街道汪弄社区,24555.90039
浙江省宁波市海曙区西门街道筱墙巷,23636.80078
浙江省宁波市江北区慈城镇慈湖人家小区,18836.19922
浙江省宁波市江北区文教街道翠柏西巷,22233
浙江省宁波市江北区文教街道双东路小区,22139
浙江省宁波市江北区甬江街道富力院士廷小区,25570.5
浙江省宁波市宁波国家高新区聚贤街道皇冠花园一期,21035.19922
浙江省宁波市宁波国家高新区新明街道和美城,30531.40039
浙江省宁波市宁波杭州湾新区庵东镇桥南村,8503.900391
浙江省宁波市宁海县一市镇武岙村,12738.59961
浙江省宁波市宁海县跃龙街道郁金花园,13451.2998
浙江省宁波市象山县大徐村,12397.2998
浙江省宁波市鄞州区白鹤街道演武小区,29360.5
浙江省宁波市鄞州区东柳街道幸福苑,23892.59961
浙江省宁波市鄞州区东胜街道曙光大地,28216.5
浙江省宁波市鄞州区横溪镇河头佳苑,15924
浙江省宁波市鄞州区潘火街道金桥水岸花园,25916.59961
浙江省宁波市鄞州区首南街道风格南岸,24264.5
浙江省宁波市鄞州区下应街道中海国际四期,26977.5
浙江省宁波市鄞州区瞻岐镇张东周村,9074.379883
浙江省宁波市鄞州区中河街道盛世天城,24650.59961
浙江省宁波市鄞州区钟公庙街道都市森林二期,25460.90039
浙江省宁波市余姚市低塘街道舜韵华庭,7348.089844
浙江省宁波市余姚市兰江街道伊顿国际小区,14619.5
浙江省宁波市余姚市临山镇南岭新村,9130.849609
浙江省宁波市余姚市陆埠镇干溪新村,7520.790039
浙江省宁波市余姚市阳明街道锦绣家园,13129.09961
浙江省宁波市镇海区庄市街道宁大花园,25334.19922
浙江省宁波市镇海区庄市街道万科城,22419.69922
重庆省重庆市江北区北城3路融景城丽苑小区,13634.40039
重庆省重庆市江北区大石坝街道下石门253号,13040.2998
重庆省重庆市江北区海尔路鲁能星城小区八街区,13895.40039
重庆省重庆市江北区红土地100号,12194.59961
重庆省重庆市江北区建新东路银泰新苑小区,13105.7002
重庆省重庆市江北区健安路南桥寺聚慧雅苑小区,12165.59961
重庆省重庆市江北区盘溪路南桥寺维丰南桥小区,12012.7002
重庆省重庆市江北区五江路光华龙都小区,16865.59961
重庆省重庆市江北区渝北三村龙湖枫香庭小区,13140.09961
重庆省重庆市两江新区大竹林街道万科缇香郡,13005.7998
重庆省重庆市两江新区金山街道奥林匹克花园7期,11859.09961
重庆省重庆市两江新区人和街道爱琴庄园,11883.2998
重庆省重庆市两江新区人和街道华夏城,12149.7002
重庆省重庆市两江新区人和街道龙寿路1028号,12144
重庆省重庆市两江新区人和街道万科悦峰三期,11011.59961
重庆省重庆市两江新区天宫殿街道动力国际B座,13679.7998
重庆省重庆市两江新区天宫殿街道力帆枫樾,12424.5
重庆省重庆市两江新区天宫殿街道荣鼎国际,13220.09961
重庆省重庆市两江新区天宫殿街道亚热带雅苑,11720.09961
重庆省重庆市万州区白羊镇春华路,5442.859863
重庆省重庆市万州区白羊镇三湾东路,5514.910156
重庆省重庆市万州区白羊镇三湾路,5514.910156
重庆省重庆市万州区白羊镇源河路,5227.459961
重庆省重庆市万州区百安坝街道,5256.189941
重庆省重庆市万州区百安坝街道安庆路,5338.419922
重庆省重庆市万州区百安坝街道百安大道,5358.52002
重庆省重庆市万州区百安坝街道上海大道,5230.799805
重庆省重庆市万州区百安坝街道万川大道,5566.479981
重庆省重庆市万州区北滨大道二段天仙湖棕榈长滩,5383.299805
重庆省重庆市万州区陈家坝街道,8547.490234
重庆省重庆市万州区陈家坝街道江南大道,9733.05957
重庆省重庆市万州区陈家坝街道南山绿庭26栋,9402.820313
重庆省重庆市万州区陈家坝街道中恒江南第一城,9036.290039
重庆省重庆市万州区分水镇,4082.729981
重庆省重庆市万州区分水镇大兴村,4057.560059
重庆省重庆市万州区分水镇红豆村3组,4046.679932
重庆省重庆市万州区复兴路,6291.729981
重庆省重庆市万州区甘宁镇围灯村,4386.109863
重庆省重庆市万州区高笋街道青羊宫,4562.540039
重庆省重庆市万州区高笋塘果园路西山公寓,5187.040039
重庆省重庆市万州区高笋塘街道,4813.27002
重庆省重庆市万州区高笋塘街道白岩书院,4659.580078
重庆省重庆市万州区高笋塘街道财贸广场,5461.870117
重庆省重庆市万州区高笋塘街道春天花园,4781.439941
重庆省重庆市万州区高笋塘街道太白路,4719.950195
重庆省重庆市万州区李河镇油房坝社区,4355.790039
重庆省重庆市万州区龙都街道汇景苑小区,4978.879883
重庆省重庆市万州区棉花地外贸车队2栋,6263.799805
重庆省重庆市万州区牌楼街道,6244.540039
重庆省重庆市万州区牌楼街道江山龙苑,6724.160156
重庆省重庆市万州区牌楼街道金泉阳光花园,5063.609863
重庆省重庆市万州区牌楼街道金泉阳光花园小区,5063.609863
重庆省重庆市万州区牌楼街道清明路,4728.120117
重庆省重庆市万州区牌楼街道御景江城12号楼,6737.669922
重庆省重庆市万州区沙河街道青年路,5178.77002
重庆省重庆市万州区双河口街道,3888.879883
重庆省重庆市万州区双河口街道富康花园,3889.729981
重庆省重庆市万州区太白街道发顺金都,7029.180176
重庆省重庆市万州区太白街道桂花路,6728.790039
重庆省重庆市万州区太白街道后街金座小区,7285.850098
重庆省重庆市万州区太白街道水晶郦城小区,5913.419922
重庆省重庆市万州区太白街道太白村,5218.339844
重庆省重庆市万州区天城镇,6262.109863
重庆省重庆市万州区天城镇万河村1组,5756.75
重庆省重庆市万州区铁峰乡,6019.470215
重庆省重庆市万州区铁峰乡箭楼村,5888.189941
重庆省重庆市万州区武陵镇,4524.540039
重庆省重庆市万州区武陵镇下中村,4515.810059
重庆省重庆市万州区响水镇,4151.75
重庆省重庆市万州区响水镇总角村,4127.27002
重庆省重庆市万州区熊家镇,6228.910156
重庆省重庆市万州区熊家镇白水村,6109.919922
重庆省重庆市万州区熊家镇古城大道,5972.479981
重庆省重庆市万州区长坪乡,4536.680176
重庆省重庆市万州区长坪乡大树村,4537.060059
重庆省重庆市万州区长坪乡弹子村,4544.129883
重庆省重庆市万州区长坪乡长坪社区,4536.259766
重庆省重庆市万州区长滩镇,5346.200195
重庆省重庆市万州区长滩镇白岩村,5356.979981
重庆省重庆市万州区钟鼓楼街道北滨三段北滨华府,6906.569824
重庆省重庆市万州区钟鼓楼街道海洋馆,6441.180176
重庆省重庆市万州区钟鼓楼街道枇杷坪金顺景苑,5757.209961
重庆省重庆市万州区钟鼓楼街道清江上城,6013.959961
重庆省重庆市万州区钟鼓楼街道山水国际小区1号楼,6392.740234
重庆省重庆市万州区周家坝街道,4947.259766
重庆省重庆市万州区周家坝街道滨湖花园小区,6244.100098
重庆省重庆市万州区周家坝街道申明大道,4770.75
重庆省重庆市云阳区高阳镇桂林村,6055.279785
重庆省重庆市云阳区高阳镇荣华社区青乐路,6161.149902
重庆省重庆市云阳区黄石镇兴旺路,6397.560059
重庆省重庆市云阳区盘龙街道,6253.180176
重庆省重庆市云阳区盘龙街道永兴路,6272.319824
重庆省重庆市云阳区青龙街道,6258.040039
重庆省重庆市云阳区青龙街道白鹤社区五同路,6304.390137
重庆省重庆市云阳区双江街道,6223.040039
重庆省重庆市云阳区双江街道北部新区桂湾路,6237.899902
重庆省重庆市云阳区双江街道云江大道梨园社区,6211.399902
重庆省重庆市云阳区水口镇,6472.029785
重庆省重庆市云阳区水口镇宫观路,6470.629883
